X,Y,LATITUD,LONGITUD,XGK,YGK,NOMLOC_10,NOMMUNI_10,CODMUNI_10,PROV,DEPTO,NOM_DEPTO,CODLOC
-63.055906074113516,-32.391286086890368,32 23 27,63 03 27,6416773.0000000000,4494591.0000000000,ANA ZUMARAN,ANA ZUMARAN,3232,14,182,UNION,030
-62.728741919197837,-32.766461223713769,32 45 49,62 43 40,6375386.0000000000,4525506.0000000000,VILLA LOS PATOS,VILLA LOS PATOS,3246,14,182,UNION,280
-63.047604989032394,-33.539047476535963,33 32 18,63 02 53,6289511.0000000000,4495548.0000000000,SAN SEVERO,,,14,182,UNION,260
-63.101818675090051,-32.492455378641822,32 29 28,63 06 10,6405649.0000000000,4490338.0000000000,RAMON J CARCANO,,,14,182,UNION,230
-62.590347885290448,-32.612303856370517,32 36 41,62 35 25,6392252.0000000000,4538451.0000000000,MONTE LE�A,MONTE LE�A,1673,14,182,UNION,160
-62.513605390972266,-32.333604654740007,32 19 57,62 30 49,6423128.0000000000,4545795.0000000000,CHILIBROSTE,CHILIBROSTE,1631,14,182,UNION,090
-62.731459156230613,-33.464457352264716,33 27 49,62 43 57,6297780.0000000000,4524878.0000000000,COLONIA BREMEN,COLONIA BREMEN,3239,14,182,UNION,120
-62.715025498649986,-33.30068935726365,33 18 01,62 42 48,6315875.0000000000,4526702.0000000000,COLONIA BISMARCK,COLONIA BISMARCK,1645,14,182,UNION,110
-63.027038842082263,-32.589609537310395,32 35 19,63 01 37,6394842.0000000000,4497461.0000000000,BALLESTEROS SUD,BALLESTEROS SUD,1603,14,182,UNION,050
-62.914332594748394,-33.698480606416553,33 41 42,62 54 41,6272145.0000000000,4508207.0000000000,ALDEA SANTA MARIA,ALDEA SANTA MARIA,3225,14,182,UNION,010
-62.884683805226679,-32.346031545254441,32 20 46,62 53 07,6421729.0000000000,4510793.0000000000,ALTO ALEGRE,ALTO ALEGRE,1589,14,182,UNION,020
-62.729744817487372,-33.590920109904808,33 35 24,62 43 49,6283735.0000000000,4525027.0000000000,BENJAMIN GOULD,BENJAMIN GOULD,1617,14,182,UNION,070
-62.633009019647332,-32.213860671075579,32 12 46,62 37 59,6436450.0000000000,4534598.0000000000,SAN ANTONIO DE LITIN,SAN ANTONIO DE LITIN,1722,14,182,UNION,240
-62.653119027063262,-32.309154016442321,32 18 29,62 39 11,6425890.0000000000,4532668.0000000000,CINTRA,CINTRA,1638,14,182,UNION,100
-62.840572337603014,-33.880975964703374,33 52 51,62 50 27,6251524.0000000000,4514735.0000000000,PUEBLO ITALIANO,PUEBLO ITALIANO,1715,14,182,UNION,220
-63.032910248792852,-32.814163461253244,32 48 47,63 01 58,6369940.0000000000,4496918.0000000000,IDIAZABAL,IDIAZABAL,1652,14,182,UNION,130
-63.098908233884835,-33.748115050406426,33 44 49,63 05 56,6266355.0000000000,4490836.0000000000,VIAMONTE,VIAMONTE,1736,14,182,UNION,270
-62.770002186482479,-33.173053100985165,33 10 19,62 46 12,6330116.0000000000,4521453.0000000000,WENCESLAO ESCALANTE,WENCESLAO ESCALANTE,1743,14,182,UNION,290
-63.041047481580087,-33.125823059537616,33 07 30,63 02 34,6335355.0000000000,4496016.0000000000,PASCANAS,PASCANAS,1708,14,182,UNION,210
-62.865862306630525,-32.841134247619785,32 50 29,62 51 58,6366813.0000000000,4512540.0000000000,ORDO�EZ,ORDO�EZ,1701,14,182,UNION,200
-62.481977213813707,-32.631340151354181,32 37 49,62 28 55,6390096.0000000000,4548613.0000000000,SAN MARCOS,SAN MARCOS SUD,1729,14,182,UNION,250
-62.83601099772131,-32.594658847342735,32 35 37,62 50 01,6394271.0000000000,4515395.0000000000,MORRISON,MORRISON,1687,14,182,UNION,180
-62.983301125525792,-32.546390973289391,32 32 43,62 58 60,6399635.0000000000,4501569.0000000000,BALLESTEROS,BALLESTEROS,1596,14,182,UNION,040
-62.310337369448668,-32.367229743772263,32 22 00,62 18 43,6419237.0000000000,4564745.0000000000,NOETINGER,NOETINGER,1694,14,182,UNION,190
-62.855984240541972,-33.153461333511551,33 09 11,62 51 22,6332241.0000000000,4513427.0000000000,LABORDE,LABORDE,1666,14,182,UNION,150
-62.600927659537831,-33.20608526094621,33 12 16,62 36 05,6326460.0000000000,4537178.0000000000,MONTE MAIZ,MONTE MAIZ,1680,14,182,UNION,170
-62.680277435229883,-32.884605586005058,32 53 00,62 40 49,6362083.0000000000,4529919.0000000000,JUSTINIANO POSSE,JUSTINIANO POSSE,1659,14,182,UNION,140
-62.885595511442006,-33.563421814596893,33 33 45,62 53 08,6286838.0000000000,4510623.0000000000,CANALS,CANALS,1624,14,182,UNION,080
-62.689115625754887,-32.629575666310913,32 37 43,62 41 21,6390368.0000000000,4529174.0000000000,BELL VILLE,BELL VILLE,1610,14,182,UNION,060
-63.949703063576187,-30.355133976677187,30 21 17,63 56 48,6642163.0000000000,4408986.0000000000,SAN JOSE DE LA DORMIDA,SAN JOSE DE LA DORMIDA,1561,14,175,TULUMBA,080
-64.122599221809523,-30.396075092010879,30 23 51,64 07 23,6637254.0000000000,4392060.0000000000,VILLA TULUMBA,VILLA TULUMBA,1582,14,175,TULUMBA,110
-64.526732562074798,-29.763276158262819,29 45 58,64 31 39,6706786.0000000000,4352273.0000000000,EL TUSCAL,LUCIO VICTORIO MANSILLA,1554,14,175,TULUMBA,040
-64.707441994672465,-29.805043415772325,29 48 23,64 42 24,6702095.0000000000,4335011.0000000000,LUCIO V MANSILLA,LUCIO VICTORIO MANSILLA,1554,14,175,TULUMBA,060
-64.624395287972632,-30.009073678302073,30 00 33,64 37 30,6679733.0000000000,4343201.0000000000,SAN JOSE DE LAS SALINAS,SAN JOSE DE LAS SALINAS,1568,14,175,TULUMBA,090
-63.926643530428471,-30.16978410277078,30 10 05,63 55 47,6662846.0000000000,4410457.0000000000,CHURQUI CA�ADA,CHURQUI CA�ADA,3204,14,175,TULUMBA,020
-63.864931780804625,-30.176091403564413,30 10 34,63 52 05,6662015.0000000000,4416400.0000000000,EL RODEO,EL RODEO,3211,14,175,TULUMBA,030
-63.473785016548554,-30.431193045511748,30 25 53,63 28 26,6633924.0000000000,4454485.0000000000,ROSARIO DEL SALADILLO,ROSARIO DEL SALADILLO,3218,14,175,TULUMBA,070
-64.154267470967156,-30.090302177081934,30 05 20,64 09 21,6671450.0000000000,4388562.0000000000,SAN PEDRO NORTE,SAN PEDRO NORTE,1575,14,175,TULUMBA,100
-63.595036825923692,-30.378933307696311,30 22 53,63 35 48,6639434.0000000000,4442651.0000000000,LAS ARRIAS,LAS ARRIAS,1547,14,175,TULUMBA,050
-64.234624770599282,-30.872847138775867,30 52 21,64 13 46,6584480.0000000000,4382410.0000000000,SANTA CATALINA,LA PAMPA,3183,14,168,TOTORAL,080
-64.110938149409179,-30.775409880837415,30 46 27,64 06 32,6595500.0000000000,4393835.0000000000,SARMIENTO,SARMIENTO,1526,14,168,TOTORAL,090
-63.724710743190982,-30.737508122337125,30 44 14,63 43 25,6599916.0000000000,4430698.0000000000,CA�ADA DE LUQUE,CA�ADA DE LUQUE,1512,14,168,TOTORAL,020
-63.800969346523608,-30.838778977423548,30 50 21,63 48 03,6588541.0000000000,4423387.0000000000,CANDELARIA SUR,CANDELARIA SUD,3169,14,168,TOTORAL,010
-64.272477155568879,-30.943495502931537,30 56 36,64 16 36,6576587.0000000000,4378008.0000000000,LA PAMPA,LA PAMPA,3183,14,168,TOTORAL,040
-64.08518821224024,-30.944173683934363,30 56 35,64 05 42,6576787.0000000000,4395359.0000000000,SINSACATE,SINSACATE,1533,14,168,TOTORAL,110
-64.06779075623507,-30.704737371783157,30 42 14,64 04 06,6603338.0000000000,4397656.0000000000,VILLA DEL TOTORAL,VILLA DEL TOTORAL,1540,14,168,TOTORAL,120
-63.652067443158096,-30.57339631917699,30 34 23,63 39 06,6618154.0000000000,4437479.0000000000,CAPILLA DE SITON,CAPILLA DE SITON,3176,14,168,TOTORAL,030
-63.985028787176418,-30.476200746344997,30 28 31,63 59 06,6628754.0000000000,4405411.0000000000,SIMBOLAR,SIMBOLAR,3197,14,168,TOTORAL,100
-63.886719137656797,-30.626922118933461,30 37 34,63 53 12,6612123.0000000000,4414984.0000000000,LOS MISTOLES,LOS MISTOLES,3109,14,168,TOTORAL,070
-63.999618700991292,-30.562815731443706,30 33 42,64 00 07,6619151.0000000000,4403869.0000000000,LAS PE�AS,LAS PE�AS,1519,14,168,TOTORAL,060
-63.201405123721067,-32.044908594755519,32 02 45,63 12 06,6455002.0000000000,4480941.0000000000,LOS ZORROS,LOS ZORROS,1470,14,161,TERCERO ARRIBA,100
-63.864199152989102,-32.0338295304078,32 02 00,63 51 46,6456090.0000000000,4418492.0000000000,COLONIA ALMADA,COLONIA ALMADA,1428,14,161,TERCERO ARRIBA,020
-63.643129609527506,-32.240788133446081,32 14 30,63 38 32,6433133.0000000000,4439477.0000000000,PAMPAYASTA NORTE,PAMPAYASTA NORTE,3155,14,161,TERCERO ARRIBA,120
-63.868385322030662,-32.322270206735872,32 19 24,63 52 14,6423916.0000000000,4418039.0000000000,GENERAL FOTHERINGHAM,GENERAL FOTHERINGHAM,3141,14,161,TERCERO ARRIBA,050
-63.810151285547335,-32.576437272855465,32 34 32,63 48 37,6396014.0000000000,4423926.0000000000,PUNTA DEL AGUA,PUNTA DEL AGUA,3162,14,161,TERCERO ARRIBA,140
-63.930269708068785,-32.51015796091415,32 30 36,63 55 44,6403168.0000000000,4412702.0000000000,LAS ISLETILLAS,LAS ISLETILLAS,3148,14,161,TERCERO ARRIBA,080
-63.465775658326429,-32.161785814712616,32 09 41,63 27 55,6442131.0000000000,4456119.0000000000,JAMES CRAIK,JAMES CRAIK,1456,14,161,TERCERO ARRIBA,070
-64.193145285765553,-32.02625522677689,32 01 31,64 11 35,6456690.0000000000,4387282.0000000000,CORRALITO,CORRALITO,1435,14,161,TERCERO ARRIBA,030
-63.646881178813793,-32.252374647244594,32 15 03,63 39 04,6432121.0000000000,4438651.0000000000,PAMPAYASTA SUR,PAMPAYASTA SUR,1484,14,161,TERCERO ARRIBA,130
-63.581615929947155,-32.61128751005662,32 36 39,63 34 48,6392224.0000000000,4445571.0000000000,DALMACIO VELEZ,DALMACIO VELEZ,1442,14,161,TERCERO ARRIBA,040
-63.889106589455302,-32.163608317424412,32 09 52,63 53 33,6441539.0000000000,4415809.0000000000,VILLA ASCASUBI,VILLA ASCASUBI,1505,14,161,TERCERO ARRIBA,170
-63.706146322617663,-32.698936535596118,32 41 53,63 42 30,6382467.0000000000,4433581.0000000000,LAS PERDICES,LAS PERDICES,1463,14,161,TERCERO ARRIBA,090
-63.979529974860426,-32.240716153015704,32 14 25,63 58 48,6433055.0000000000,4407642.0000000000,TANCACHA,TANCACHA,1498,14,161,TERCERO ARRIBA,160
-64.254965784644085,-32.19167783319353,32 11 36,64 15 16,6437971.0000000000,4381715.0000000000,ALMAFUERTE,ALMAFUERTE,1421,14,161,TERCERO ARRIBA,010
-63.731851509923658,-32.425554624052076,32 25 39,63 43 59,6412459.0000000000,4431058.0000000000,HERNANDO,HERNANDO,1449,14,161,TERCERO ARRIBA,060
-63.568958448478746,-32.038863579580337,32 02 29,63 34 01,6455390.0000000000,4446221.0000000000,OLIVA,OLIVA,1477,14,161,TERCERO ARRIBA,110
-64.126529268132302,-32.170086524513493,32 10 23,64 06 47,6440375.0000000000,4395019.0000000000,RIO TERCERO,RIO TERCERO,1491,14,161,TERCERO ARRIBA,150
-64.102981479473144,-29.57784191834341,29 34 51,64 06 09,6727817.0000000000,4393168.0000000000,POZO NUEVO,POZO NUEVO,3134,14,154,SOBREMONTE,040
-64.113561739330009,-29.935448960244635,29 54 50,64 07 48,6690867.0000000000,4390874.0000000000,CHU�A HUASI,CHU�A HUASI,3127,14,154,SOBREMONTE,030
-64.050772838899945,-30.067488751600532,30 04 12,64 03 16,6673624.0000000000,4398319.0000000000,CAMINIAGA,CAMINIAGA,3120,14,154,SOBREMONTE,010
-63.943228585468553,-29.787580607344527,29 47 18,63 56 35,6704951.0000000000,4408812.0000000000,SAN FRANCISCO DEL CHA�AR,SAN FRANCISCO DEL CHA�AR,1414,14,154,SOBREMONTE,050
-64.403656844343061,-31.456562326107726,,,6519343.0000000000,4364867.0000000000,MILENICA,MALAGUE�O,1393,14,147,SANTA MARIA,217
-64.481685731690973,-31.645557798801065,31 39 28,64 25 44,6497184.0000000000,4364480.0000000000,EL POTRERILLO,ALTA GRACIA,1372,14,147,SANTA MARIA,095
-64.343178234872383,-31.586378648303292,31 35 22,64 21 13,6504857.0000000000,4371513.0000000000,CAMPOS DEL VIRREY,VILLA PARQUE SANTA ANA,3106,14,147,SANTA MARIA,055
-64.405923297112778,-31.462948858733874,31 27 29,64 25 18,6519343.0000000000,4364867.0000000000,CAUSANA,MALAGUE�O,1393,14,147,SANTA MARIA,065
-64.452817022526773,-31.437039432973165,31 26 07,64 26 57,6521836.0000000000,4362220.0000000000,SAN NICOLAS - TIERRA ALTA,MALAGUE�O,1393,14,147,SANTA MARIA,260
-64.438033470704099,-31.734849118185544,31 44 09,64 26 20,6488490.0000000000,4363636.0000000000,VILLA LOS AROMOS,VILLA LOS AROMOS,3099,14,147,SANTA MARIA,340
-64.45597321090041,-31.735151830996891,31 43 59,64 27 23,6488782.0000000000,4361975.0000000000,LA SERRANITA,LA SERRANITA,3036,14,147,SANTA MARIA,180
-64.459467555447105,-31.754657506574119,31 45 27,64 26 55,6486093.0000000000,4362743.0000000000,LA RANCHERITA Y LAS CASCADAS,LA RANCHERITA,3029,14,147,SANTA MARIA,170
-64.512249952880481,-31.795470991982945,31 47 40,64 30 44,6481906.0000000000,4356776.0000000000,VILLA CIUDAD DE AMERICA,VILLA CIUDAD DE AMERICA,3078,14,147,SANTA MARIA,310
-64.544166493461944,-31.787591830800306,31 46 57,64 32 33,6483204.0000000000,4353902.0000000000,POTRERO DE GARAY,POTRERO DE GARAY,3050,14,147,SANTA MARIA,230
-64.347067885458429,-31.592185345755354,31 35 22,64 21 13,6504857.0000000000,4371513.0000000000,VILLA PARQUE SANTA ANA,VILLA PARQUE SANTA ANA,3106,14,147,SANTA MARIA,350
-64.419105751174357,-31.459584645303629,31 27 29,64 25 18,6519343.0000000000,4364867.0000000000,VILLA SIERRAS DE ORO,MALAGUE�O,1393,14,147,SANTA MARIA,370
-64.281474404961514,-31.526539761285903,31 31 34,64 17 05,6511929.0000000000,4377975.0000000000,LOS CEDROS,LOS CEDROS,3043,14,147,SANTA MARIA,190
-64.316446730611958,-31.440033629092618,31 27 43,64 24 49,6518919.0000000000,4365640.0000000000,BARRIO GILBERT (1� DE MAYO) - TEJAS TRES,MALAGUE�O,1393,14,147,SANTA MARIA,030
-64.348016932429815,-31.442281047309699,31 26 33,64 20 55,6521137.0000000000,4371807.0000000000,LA PERLA,MALAGUE�O,1393,14,147,SANTA MARIA,160
-64.369876035354167,-31.445160785585951,31 26 49,64 21 58,6520617.0000000000,4370141.0000000000,YOCSINA,MALAGUE�O,1393,14,147,SANTA MARIA,380
-64.355782861200737,-31.463016214802877,31 27 53,64 21 30,6518658.0000000000,4370893.0000000000,MALAGUE�O,MALAGUE�O,1393,14,147,SANTA MARIA,210
-64.394457957896407,-31.727174181901603,31 43 29,64 24 06,6489792.0000000000,4367149.0000000000,COSTA AZUL,ANISACATE,2987,14,147,SANTA MARIA,070
-64.418514651575364,-31.734323823114103,31 43 53,64 24 47,6489020.0000000000,4366091.0000000000,VALLE DE ANISACATE,VALLE DE ANISACATE,3071,14,147,SANTA MARIA,300
-64.428585873021333,-31.728618790767939,31 43 44,64 25 57,6489294.0000000000,4364243.0000000000,VILLA LA BOLSA,VILLA LA BOLSA,3092,14,147,SANTA MARIA,330
-64.480023019001379,-31.720850538573345,31 43 01,64 28 40,6490275.0000000000,4359917.0000000000,LA PAISANITA,LA PAISANITA,3022,14,147,SANTA MARIA,150
-64.411824795237209,-31.720629594871106,31 43 23,64 24 52,6489943.0000000000,4365935.0000000000,ANISACATE,ANISACATE,2987,14,147,SANTA MARIA,020
-64.436970442056477,-31.840194436012382,31 50 15,64 26 01,6477245.0000000000,4364286.0000000000,BOCA DEL RIO,VILLA SAN ISIDRO,3113,14,147,SANTA MARIA,120
-64.07860897002989,-31.529683557050188,31 31 43,64 04 17,6511890.0000000000,4398257.0000000000,LA CARBONADA,TOLEDO,1407,14,147,SANTA MARIA,130
-64.143573192077469,-31.530976767426537,31 31 48,64 08 45,6511649.0000000000,4391180.0000000000,SOCAVONES,,,14,147,SANTA MARIA,270
-64.194820724650882,-31.5577483354413,31 33 28,64 11 40,6508541.0000000000,4386589.0000000000,BOUWER,BOUWER,2994,14,147,SANTA MARIA,050
-64.258531674390525,-31.646766755045387,31 38 48,64 15 40,6498608.0000000000,4380373.0000000000,RAFAEL GARCIA,RAFAEL GARCIA,3057,14,147,SANTA MARIA,240
-64.237730143686449,-31.912320906228036,31 54 42,64 14 24,6469247.0000000000,4382713.0000000000,MONTE RALO,MONTE RALO,1400,14,147,SANTA MARIA,220
-64.414428350083199,-31.803278753238093,31 48 20,64 25 17,6480788.0000000000,4365410.0000000000,JOSE DE LA QUINTANA,VILLA SAN ISIDRO,3113,14,147,SANTA MARIA,115
-64.38508941671715,-31.825132338405279,31 48 45,64 24 01,6480032.0000000000,4367184.0000000000,VILLA SAN ISIDRO,VILLA SAN ISIDRO,3113,14,147,SANTA MARIA,360
-64.365259978911411,-31.745075738756853,31 45 07,64 21 46,6486821.0000000000,4370877.0000000000,DIQUE CHICO,DIQUE CHICO,3001,14,147,SANTA MARIA,090
-64.439606231872517,-31.612193439856451,31 36 08,64 26 59,6503296.0000000000,4362416.0000000000,VALLE ALEGRE,VILLA DEL PRADO,3085,14,147,SANTA MARIA,290
-64.462613242681087,-31.586612003001807,31 35 08,64 27 18,6505160.0000000000,4361902.0000000000,FALDA DEL CARMEN,FALDA DEL CARMEN,3008,14,147,SANTA MARIA,110
-64.455651277662881,-31.543260491632257,31 32 04,64 27 21,6510808.0000000000,4361725.0000000000,FALDA DEL CA�ETE,MALAGUE�O,1393,14,147,SANTA MARIA,100
-64.624900472870664,-31.715604632287601,31 42 60,64 37 36,6490381.0000000000,4345818.0000000000,SAN CLEMENTE,SAN CLEMENTE,3064,14,147,SANTA MARIA,250
-64.387548737438124,-31.618472716837452,31 37 05,64 23 33,6501635.0000000000,4367871.0000000000,VILLA DEL PRADO,VILLA DEL PRADO,3085,14,147,SANTA MARIA,320
-64.086203155139515,-31.648099541855153,31 38 54,64 05 24,6498578.0000000000,4396611.0000000000,LOZADA,LOZADA,1386,14,147,SANTA MARIA,200
-64.008043486061837,-31.55707466017963,31 33 22,64 00 29,6508894.0000000000,4404287.0000000000,TOLEDO,TOLEDO,1407,14,147,SANTA MARIA,280
-64.292594453935919,-31.815111030652698,31 49 01,64 17 20,6479676.0000000000,4377954.0000000000,DESPE�ADEROS,DESPE�ADEROS,1379,14,147,SANTA MARIA,080
-64.428806006238304,-31.658663686979686,31 39 28,64 25 44,6497184.0000000000,4364480.0000000000,ALTA GRACIA,ALTA GRACIA,1372,14,147,SANTA MARIA,010
-64.159172332498898,-31.530775056174132,31 31 45,64 10 08,6511718.0000000000,4388986.0000000000,CASEROS CENTRO,BOUWER,2994,14,147,SANTA MARIA,060
-62.71845956871659,-31.873806325203592,31 52 23,62 43 08,6474148.0000000000,4526608.0000000000,LAS VARILLAS,LAS VARILLAS,1288,14,140,SAN JUSTO,270
-62.110552259834854,-31.207920469541872,,,6552377.0000000000,4586033.0000000000,COLONIA ITURRASPE,COLONIA ITURRASPE,2938,14,140,SAN JUSTO,215
-62.925904925550576,-31.245744582732407,31 14 43,62 55 32,6543781.0000000000,4507081.0000000000,COLONIA LAS PICHANAS,COLONIA LAS PICHANAS,2945,14,140,SAN JUSTO,080
-62.986151853620683,-31.109647107998153,31 06 33,62 59 16,6558902.0000000000,4501178.0000000000,TORO PUJIO,TORO PUJIO,2973,14,140,SAN JUSTO,390
-63.06120255187848,-31.24203912863759,31 14 07,63 03 36,6544908.0000000000,4494293.0000000000,LA TORDILLA,LA TORDILLA,1274,14,140,SAN JUSTO,250
-62.825843330956168,-30.995484666064883,30 59 40,62 49 33,6571585.0000000000,4516634.0000000000,MARULL,MARULL,1295,14,140,SAN JUSTO,280
-63.194009622572487,-31.448377593913612,31 26 51,63 11 38,6521370.0000000000,4481558.0000000000,VILLA DEL TRANSITO,TRANSITO,1358,14,140,SAN JUSTO,430
-63.19539938454902,-31.426085077002185,31 25 30,63 11 43,6523842.0000000000,4481421.0000000000,TRANSITO,TRANSITO,1358,14,140,SAN JUSTO,400
-63.050345616996843,-31.420366303950701,31 25 01,63 03 01,6524491.0000000000,4495213.0000000000,ARROYITO,ARROYITO,1176,14,140,SAN JUSTO,030
-62.234264093489948,-31.120003204229359,31 08 38,62 12 49,6554775.0000000000,4574994.0000000000,COLONIA ANITA,COLONIA ANITA,2931,14,140,SAN JUSTO,060
-62.973364414307582,-31.404910286660144,31 24 14,62 58 24,6526205.0000000000,4502533.0000000000,EL FUERTECITO,ARROYITO,1176,14,140,SAN JUSTO,190
-61.917230478025147,-30.782755333277688,30 47 00,61 55 03,6594482.0000000000,4603613.0000000000,COLONIA SAN PEDRO,COLONIA SAN PEDRO,2952,14,140,SAN JUSTO,120
-62.113311581117649,-30.526673727596801,30 31 39,62 06 51,6623055.0000000000,4585012.0000000000,COLONIA 10 DE JULIO,,,14,140,SAN JUSTO,070
-62.235443488358897,-31.053153069081969,31 03 11,62 14 08,6564869.0000000000,4572980.0000000000,COLONIA VALTELINA,COLONIA VALTELINA,2959,14,140,SAN JUSTO,140
-62.896607809052057,-31.634173483930802,31 38 00,62 53 48,6500742.0000000000,4509793.0000000000,VILLA SAN ESTEBAN,VILLA SAN ESTEBAN,2980,14,140,SAN JUSTO,440
-62.366369812349603,-31.631478094350211,31 37 50,62 21 59,6500911.0000000000,4560114.0000000000,COLONIA PROSPERIDAD,COLONIA PROSPERIDAD,1204,14,140,SAN JUSTO,100
-62.427893586128242,-31.606751155103485,31 36 21,62 25 40,6503685.0000000000,4554291.0000000000,COLONIA SANTA MARIA,COLONIA PROSPERIDAD,1204,14,140,SAN JUSTO,130
-62.225738863391847,-31.550578675293643,31 32 59,62 13 33,6509795.0000000000,4573520.0000000000,QUEBRACHO HERRADO,QUEBRACHO HERRADO,1323,14,140,SAN JUSTO,340
-62.098051152614431,-31.370779433817955,31 22 11,62 05 53,6529638.0000000000,4585809.0000000000,PLAZA SAN FRANCISCO,SAN FRANCISCO,1337,14,140,SAN JUSTO,320
-62.132756066344292,-31.305473210009257,31 18 17,62 07 60,6536879.0000000000,4582510.0000000000,ESTACION LUXARDO,PLAZA LUXARDO,2966,14,140,SAN JUSTO,210
-62.228823002647786,-31.301950387315578,31 18 06,62 13 45,6537279.0000000000,4573386.0000000000,PLAZA LUXARDO,PLAZA LUXARDO,2966,14,140,SAN JUSTO,310
-61.974026807957429,-30.924660463020501,30 55 26,61 58 25,6578969.0000000000,4598093.0000000000,SEEBER,SEEBER,1351,14,140,SAN JUSTO,380
-62.828655504148585,-31.384516815857722,31 23 04,62 49 43,6528342.0000000000,4516315.0000000000,EL TIO,EL TIO,1246,14,140,SAN JUSTO,200
-61.956350099143243,-30.842086031601891,30 50 30,61 57 21,6588084.0000000000,4599889.0000000000,COLONIA VIGNAUD,COLONIA VIGNAUD,1218,14,140,SAN JUSTO,150
-62.215045496032488,-30.9073667728467,30 54 25,62 12 56,6581033.0000000000,4575003.0000000000,LA PAQUITA,LA PAQUITA,1267,14,140,SAN JUSTO,240
-62.723732634919756,-31.527998976985501,31 31 42,62 43 28,6512382.0000000000,4526166.0000000000,COLONIA SAN BARTOLOME,COLONIA SAN BARTOLOME,1211,14,140,SAN JUSTO,110
-62.363593086493324,-31.249207737862545,31 14 55,62 21 50,6543265.0000000000,4560587.0000000000,COLONIA MARINA,COLONIA MARINA,1197,14,140,SAN JUSTO,090
-62.61571153063452,-31.802746499702511,31 48 05,62 37 02,6482083.0000000000,4536259.0000000000,LAS VARAS,LAS VARAS,1281,14,140,SAN JUSTO,260
-62.300742497862721,-31.969266847757119,31 58 02,62 18 09,6463533.0000000000,4565921.0000000000,EL FORTIN,EL FORTIN,1239,14,140,SAN JUSTO,180
-62.893877787622991,-31.741516884293219,31 44 28,62 53 36,6488802.0000000000,4510107.0000000000,EL ARA�ADO,EL ARA�ADO,1232,14,140,SAN JUSTO,170
-62.337896752987916,-30.957313387240752,30 57 23,62 20 16,6575643.0000000000,4563264.0000000000,ALTOS DE CHIPION,ALTOS DE CHIPION,1169,14,140,SAN JUSTO,020
-62.814480534723955,-31.321361610154973,31 19 21,62 48 52,6535224.0000000000,4517658.0000000000,VILLA CONCEPCION DEL TIO,VILLA CONCEPCION DEL TIO,1365,14,140,SAN JUSTO,420
-62.674919541454031,-30.915473152500816,30 54 52,62 40 30,6580423.0000000000,4531075.0000000000,MIRAMAR,MIRAMAR,1302,14,140,SAN JUSTO,290
-62.483150857577812,-31.703248356737468,31 42 11,62 29 02,6492937.0000000000,4548913.0000000000,SATURNINO MARIA LASPIUR,SATURNINO MARIA LASPIUR,1344,14,140,SAN JUSTO,370
-62.465800488282689,-31.939742061829158,31 56 19,62 27 57,6466781.0000000000,4550513.0000000000,ALICIA,ALICIA,1162,14,140,SAN JUSTO,010
-63.045320428983509,-31.664287558952463,31 39 48,63 02 43,6497447.0000000000,4495702.0000000000,SACANTA,SACANTA,1330,14,140,SAN JUSTO,350
-62.632568721065091,-31.406938737780791,31 24 23,62 38 04,6525870.0000000000,4534772.0000000000,LA FRANCIA,LA FRANCIA,1260,14,140,SAN JUSTO,230
-62.063340086319855,-31.014883961551202,31 00 50,62 03 48,6569071.0000000000,4589445.0000000000,PORTE�A,PORTE�A,1316,14,140,SAN JUSTO,330
-62.666688177819729,-31.010831680603541,31 00 39,62 40 02,6569757.0000000000,4531790.0000000000,BALNEARIA,BALNEARIA,1183,14,140,SAN JUSTO,040
-62.306146771901318,-31.404956345334288,31 24 14,62 18 22,6525993.0000000000,4565987.0000000000,DEVOTO,DEVOTO,1225,14,140,SAN JUSTO,160
-62.097610344322263,-31.165371510169603,31 09 53,62 05 51,6552377.0000000000,4586033.0000000000,FREYRE,FREYRE,1253,14,140,SAN JUSTO,220
-62.035662866879406,-30.867479586788249,30 51 60,62 02 08,6585391.0000000000,4592230.0000000000,BRINKMANN,BRINKMANN,1190,14,140,SAN JUSTO,050
-62.004454854716187,-30.711656648588882,30 42 39,62 00 16,6602642.0000000000,4595368.0000000000,MORTEROS,MORTEROS,1309,14,140,SAN JUSTO,300
-62.086644191971033,-31.428584132015242,31 25 39,62 05 12,6523220.0000000000,4586841.0000000000,SAN FRANCISCO,SAN FRANCISCO,1337,14,140,SAN JUSTO,360
-65.031805671122626,-32.294661835517218,32 17 55,65 02 18,6425189.0000000000,4308011.0000000000,LA RAMADA,LA PAZ,1127,14,133,SAN JAVIER,080
-65.030922763039797,-32.257096386922662,32 15 00,65 01 57,6430563.0000000000,4308444.0000000000,QUEBRACHO LADEADO,LA PAZ,1127,14,133,SAN JAVIER,155
-65.034096674408673,-32.241842279315996,32 14 24,65 02 11,6431688.0000000000,4308064.0000000000,LAS CHACRAS,LA PAZ,1127,14,133,SAN JAVIER,095
-64.990993375857329,-31.885451981073277,31 53 11,64 59 26,6470996.0000000000,4311648.0000000000,EL PANTANILLO,LOS HORNILLOS,2917,14,133,SAN JAVIER,050
-64.988778805760049,-31.901807050655375,31 54 06,64 59 24,6469281.0000000000,4311733.0000000000,LOS HORNILLOS,LOS HORNILLOS,2917,14,133,SAN JAVIER,120
-65.048211353394038,-32.21746406006482,32 13 02,65 03 04,6434174.0000000000,4306624.0000000000,LA PAZ,LA PAZ,1127,14,133,SAN JAVIER,060
-65.028512113512207,-32.218932252289441,32 13 06,65 01 54,6434082.0000000000,4308472.0000000000,LOMA BOLA,LA PAZ,1127,14,133,SAN JAVIER,105
-65.027079351957639,-32.065080964958234,32 03 58,65 01 51,6450989.0000000000,4308213.0000000000,LA POBLACION,LA POBLACION,2896,14,133,SAN JAVIER,070
-65.029376144755133,-32.024497244212363,32 01 37,65 01 55,6455331.0000000000,4308023.0000000000,SAN JAVIER Y YACANTO,SAN JAVIER Y YACANTO,1134,14,133,SAN JAVIER,170
-65.102417917227513,-31.952420442419722,31 57 08,65 06 05,6463482.0000000000,4301307.0000000000,LAS TAPIAS,LAS TAPIAS,2903,14,133,SAN JAVIER,100
-65.029807094403438,-31.962474339471569,31 57 44,65 02 18,6462502.0000000000,4307296.0000000000,LOS MOLLES,VILLA DE LAS ROSAS,1148,14,133,SAN JAVIER,130
-65.050438715032385,-31.950059573473546,31 56 55,65 03 18,6463982.0000000000,4305688.0000000000,VILLA DE LAS ROSAS,VILLA DE LAS ROSAS,1148,14,133,SAN JAVIER,190
-64.987064124898168,-31.873998120079747,31 52 18,64 59 34,6472609.0000000000,4311420.0000000000,DOS ARROYOS,LOS HORNILLOS,2917,14,133,SAN JAVIER,040
-65.229693971334683,-32.078190377111298,32 04 44,65 13 53,6449190.0000000000,4289318.0000000000,CONLARA,CONLARA,2889,14,133,SAN JAVIER,010
-65.024667232039405,-32.28200800751916,32 16 40,65 01 39,6427492.0000000000,4308990.0000000000,CRUZ CA�A,LA PAZ,1127,14,133,SAN JAVIER,030
-65.044426526943511,-32.113727618647076,32 06 24,65 03 50,6446419.0000000000,4305197.0000000000,LA TRAVESIA,LUYABA,2924,14,133,SAN JAVIER,090
-65.03709459989301,-31.872707968281599,31 52 22,65 02 14,6472411.0000000000,4307208.0000000000,VILLA LA VI�A,VILLA DE LAS ROSAS,1148,14,133,SAN JAVIER,210
-65.036358143472739,-31.91517683464987,31 54 26,65 02 13,6468603.0000000000,4307315.0000000000,QUEBRADA DE LOS POZOS,VILLA DE LAS ROSAS,1148,14,133,SAN JAVIER,160
-65.057910039050753,-32.149224566855317,32 08 54,65 03 24,6441810.0000000000,4305959.0000000000,LUYABA,LUYABA,2924,14,133,SAN JAVIER,150
-65.315359826213424,-31.957851749386251,31 57 27,65 18 41,6462494.0000000000,4281468.0000000000,SAN JOSE,SAN JOSE,1141,14,133,SAN JAVIER,180
-65.443545889843264,-31.974636399444083,31 58 26,65 26 16,6460423.0000000000,4269563.0000000000,LOS CERRILLOS,LOS CERRILLOS,2910,14,133,SAN JAVIER,110
-65.188263017985079,-31.946084834943399,31 56 39,65 11 46,6464211.0000000000,4292332.0000000000,VILLA DOLORES,VILLA DOLORES,1155,14,133,SAN JAVIER,200
-65.325438206218408,-31.650873623526131,31 39 48,65 19 09,6495102.0000000000,4280037.0000000000,LAS OSCURAS,SAN PEDRO,1106,14,126,SAN ALBERTO,060
-65.373292976895044,-31.666994914720387,31 40 07,65 22 21,6494406.0000000000,4274993.0000000000,LA CORTADERA,SAN PEDRO,1106,14,126,SAN ALBERTO,040
-64.992260991143368,-31.834986638239286,31 49 57,64 59 08,6476965.0000000000,4312010.0000000000,SAN HUBERTO,NONO,1099,14,126,SAN ALBERTO,130
-64.979895295865632,-31.860459834882167,31 51 37,64 59 09,6473885.0000000000,4312058.0000000000,LAS RABONAS,LAS RABONAS,2854,14,126,SAN ALBERTO,070
-64.973324713030436,-31.823519245760394,31 49 14,64 58 18,6478303.0000000000,4313304.0000000000,LAS CALLES,LAS CALLES,2847,14,126,SAN ALBERTO,050
-64.957520868323272,-31.846215376383295,31 50 56,64 57 21,6475193.0000000000,4314861.0000000000,EL HUAYCO,LAS CALLES,2847,14,126,SAN ALBERTO,030
-65.003382177908819,-31.796559674264604,31 47 44,65 00 12,6481033.0000000000,4310256.0000000000,NONO,NONO,1099,14,126,SAN ALBERTO,110
-65.478617350243383,-31.885037664822516,31 53 49,65 31 29,6468754.0000000000,4261136.0000000000,SAN MARTIN,SAN VICENTE,2875,14,126,SAN ALBERTO,150
-65.182173467930099,-31.924693042432185,31 54 41,65 10 02,6467889.0000000000,4295002.0000000000,SAUCE ARRIBA,SAUCE ARRIBA,2882,14,126,SAN ALBERTO,180
-65.230305467791652,-31.935687589353346,31 55 48,65 14 32,6465677.0000000000,4287942.0000000000,LOS CALLEJONES,SAN PEDRO,1106,14,126,SAN ALBERTO,080
-65.429787364057773,-31.852587849329183,31 51 22,65 24 35,6473549.0000000000,4271908.0000000000,SAN VICENTE,SAN VICENTE,2875,14,126,SAN ALBERTO,170
-65.00369382047252,-31.762889233402507,31 44 58,65 00 39,6486123.0000000000,4309455.0000000000,ARROYO LOS PATOS,ARROYO LOS PATOS,2840,14,126,SAN ALBERTO,020
-65.055000327202791,-31.63288349226287,31 37 28,65 03 07,6499921.0000000000,4305290.0000000000,PANAHOLMA,PANAHOLMA,2861,14,126,SAN ALBERTO,120
-65.020052235778678,-31.670832055811243,31 40 56,65 01 32,6493566.0000000000,4307923.0000000000,SAN LORENZO,SAN LORENZO,2868,14,126,SAN ALBERTO,140
-65.15635151827999,-31.630941574057942,31 37 49,65 08 54,6499098.0000000000,4296165.0000000000,TASNA,PANAHOLMA,2861,14,126,SAN ALBERTO,190
-65.066000292150562,-31.435310121209408,31 25 38,65 04 32,6521748.0000000000,4302633.0000000000,MUSSI,AMBUL,2833,14,126,SAN ALBERTO,100
-65.054824638091901,-31.489735312007042,31 29 23,65 03 24,6514866.0000000000,4304573.0000000000,AMBUL,AMBUL,2833,14,126,SAN ALBERTO,010
-65.0190897062473,-31.707350172100359,31 42 23,65 01 09,6490900.0000000000,4308585.0000000000,VILLA CURA BROCHERO,VILLA CURA BROCHERO,1113,14,126,SAN ALBERTO,200
-65.005513162874507,-31.727769625044608,31 43 36,65 00 20,6488658.0000000000,4309914.0000000000,MINA CLAVERO,MINA CLAVERO,1092,14,126,SAN ALBERTO,090
-65.221060785348314,-31.935995080290006,31 56 13,65 13 09,6464968.0000000000,4290130.0000000000,SAN PEDRO,SAN PEDRO,1106,14,126,SAN ALBERTO,160
-65.191773205546525,-31.937647849822692,31 56 12,65 11 30,6465040.0000000000,4292725.0000000000,VILLA SARMIENTO,VILLA SARMIENTO (S.A.),1120,14,126,SAN ALBERTO,210
-63.33083614317033,-31.401688462604824,31 24 08,63 19 56,6526358.0000000000,4468416.0000000000,LOS CHA�ARITOS,LOS CHA�ARITOS,2819,14,119,RIO SEGUNDO,110
-63.342545585036056,-31.508329247787227,31 30 29,63 20 32,6514598.0000000000,4467499.0000000000,CAPILLA DEL CARMEN,CAPILLA DEL CARMEN,0987,14,119,RIO SEGUNDO,030
-63.418201311775242,-31.388100544234025,31 23 14,63 25 06,6527994.0000000000,4460221.0000000000,SANTIAGO TEMPLE,SANTIAGO TEMPLE,1078,14,119,RIO SEGUNDO,200
-63.534143667882645,-31.554990828946554,31 33 14,63 32 03,6509442.0000000000,4449284.0000000000,VILLA DEL ROSARIO,VILLA DEL ROSARIO,1085,14,119,RIO SEGUNDO,210
-63.504585547736092,-31.918210122077387,31 55 03,63 30 17,6469149.0000000000,4452265.0000000000,COLONIA VIDELA,COLONIA VIDELA,2805,14,119,RIO SEGUNDO,060
-63.616809812997232,-31.595843969668103,31 35 43,63 36 56,6504814.0000000000,4441581.0000000000,RINCON,RINCON,2826,14,119,RIO SEGUNDO,180
-63.65111202754273,-31.797580259192745,31 47 48,63 39 04,6482483.0000000000,4438337.0000000000,IMPIRA,IMPIRA,2812,14,119,RIO SEGUNDO,080
-63.277974426083233,-31.862413502913761,31 51 48,63 16 41,6475228.0000000000,4473676.0000000000,CALCHIN OESTE,CALCHIN OESTE,0980,14,119,RIO SEGUNDO,020
-63.512379383008678,-31.715218117320816,31 42 52,63 30 43,6491660.0000000000,4451484.0000000000,MATORRALES,MATORRALES,1043,14,119,RIO SEGUNDO,140
-63.746898351707294,-31.844878200166107,31 50 39,63 44 46,6477162.0000000000,4429381.0000000000,MANFREDI,MANFREDI,1036,14,119,RIO SEGUNDO,130
-63.759887349219127,-31.64808180530294,31 38 50,63 45 36,6498993.0000000000,4427920.0000000000,COSTASACATE,COSTASACATE,1008,14,119,RIO SEGUNDO,070
-63.382722284643528,-31.964679492492543,31 57 51,63 23 00,6464009.0000000000,4463757.0000000000,COLAZO,COLAZO,1001,14,119,RIO SEGUNDO,050
-63.116509037439407,-31.872633494004308,31 52 18,63 06 59,6474340.0000000000,4488975.0000000000,CARRILOBO,CARRILOBO,0994,14,119,RIO SEGUNDO,040
-63.450506974264634,-31.831082957027213,31 49 53,63 27 02,6478721.0000000000,4457340.0000000000,LAS JUNTURAS,LAS JUNTURAS,1022,14,119,RIO SEGUNDO,100
-63.199407321563321,-31.668639162396254,31 40 05,63 12 02,6496916.0000000000,4480969.0000000000,CALCHIN,CALCHIN,0973,14,119,RIO SEGUNDO,010
-63.34479755541777,-31.647857827526845,31 38 49,63 20 41,6499217.0000000000,4467294.0000000000,LUQUE,LUQUE,1029,14,119,RIO SEGUNDO,120
-62.919918233403656,-32.020435145430625,32 01 01,62 55 12,6457955.0000000000,4507565.0000000000,POZO DEL MOLLE,POZO DEL MOLLE,1064,14,119,RIO SEGUNDO,170
-63.802273756822736,-31.77707060867623,31 46 42,63 48 01,6484405.0000000000,4423964.0000000000,LAGUNA LARGA,LAGUNA LARGA,1015,14,119,RIO SEGUNDO,090
-63.683673653764465,-31.913829036589025,31 54 46,63 41 01,6469574.0000000000,4435335.0000000000,ONCATIVO,ONCATIVO,1050,14,119,RIO SEGUNDO,150
-63.882299845025543,-31.68092005434675,31 40 50,63 52 53,6495208.0000000000,4416416.0000000000,PILAR,PILAR,1057,14,119,RIO SEGUNDO,160
-63.91156030157304,-31.650132789488698,31 39 00,63 54 43,6498544.0000000000,4413508.0000000000,RIO SEGUNDO,RIO SEGUNDO,1071,14,119,RIO SEGUNDO,190
-63.560062117262412,-29.69897947082946,29 41 54,63 33 40,6715172.0000000000,4445700.0000000000,SAN PEDRO DE GUTEMBERG,GUTEMBERG,2756,14,112,RIO SECO,090
-63.426013618887708,-30.269911968625603,30 14 21,63 29 30,6655246.0000000000,4452673.0000000000,PUESTO DE CASTRO,PUESTO DE CASTRO,2777,14,112,RIO SECO,070
-62.945856107323685,-30.184129307062989,30 11 05,62 49 49,6661371.0000000000,4516358.0000000000,LA RINCONADA,LA RINCONADA,2763,14,112,RIO SECO,050
-63.626037598865395,-29.802359637441953,29 48 09,63 37 39,6703587.0000000000,4439348.0000000000,LOS HOYOS,LOS HOYOS,2770,14,112,RIO SECO,060
-63.354786356607683,-29.816362119373519,29 48 59,63 21 17,6702163.0000000000,4465700.0000000000,VILLA CANDELARIA,VILLA CANDELARIA NORTE,2798,14,112,RIO SECO,120
-63.845360138877517,-30.11517729566576,30 07 03,63 50 38,6668530.0000000000,4418679.0000000000,SANTA ELENA,SANTA ELENA,2791,14,112,RIO SECO,100
-63.82541327740222,-30.074033671848564,30 04 27,63 49 30,6673333.0000000000,4420458.0000000000,RAYO CORTADO,RAYO CORTADO,2784,14,112,RIO SECO,080
-63.853395729398564,-29.998947353899652,30 00 50,63 51 01,6680000.0000000000,4417961.0000000000,CHA�AR VIEJO,CHA�AR VIEJO,2742,14,112,RIO SECO,020
-63.930180730545551,-30.097240584161728,30 05 39,63 55 46,6671042.0000000000,4410416.0000000000,CERRO COLORADO,CERRO COLORADO,2735,14,112,RIO SECO,010
-63.589364847411119,-29.92491840947778,29 55 29,63 35 20,6690051.0000000000,4443134.0000000000,EUFRASIO LOZA,EUFRACIO LOZA,2749,14,112,RIO SECO,030
-63.515087144143202,-29.722000302074559,29 43 22,63 30 54,6712479.0000000000,4450172.0000000000,GUTEMBERG,GUTEMBERG,2756,14,112,RIO SECO,040
-63.593480209028705,-30.16342916767956,30 09 41,63 35 36,6663806.0000000000,4442832.0000000000,SEBASTIAN ELCANO,SEBASTIAN ELCANO,0959,14,112,RIO SECO,110
-63.722485093482781,-29.903003434186228,29 54 16,63 43 20,6692235.0000000000,4430239.0000000000,VILLA DE MARIA,VILLA DE MARIA,0966,14,112,RIO SECO,130
-63.001066831258569,-30.893490131241347,30 53 33,63 00 04,6582906.0000000000,4499898.0000000000,LA PARA,LA PARA,0903,14,105,RIO PRIMERO,110
-63.151675648358484,-31.06309334727932,31 03 44,63 09 00,6564079.0000000000,4485672.0000000000,LA QUINTA,LA QUINTA,2686,14,105,RIO PRIMERO,140
-63.115920279060447,-30.894967061232602,30 53 38,63 06 57,6582736.0000000000,4488917.0000000000,VILLA FONTANA,VILLA FONTANA,0952,14,105,RIO PRIMERO,270
-63.530794208088096,-31.37015917731355,31 22 13,63 31 57,6529826.0000000000,4449332.0000000000,KILOMETRO 658,KILOMETRO 658,2672,14,105,RIO PRIMERO,100
-63.560540085113146,-30.76153469824737,30 45 39,63 33 36,6597361.0000000000,4446373.0000000000,CHALACEA,CHALACEA,2630,14,105,RIO PRIMERO,040
-63.706615853541166,-30.90335788288818,30 54 13,63 42 20,6581474.0000000000,4432547.0000000000,ATAHONA,ATAHONA,2609,14,105,RIO PRIMERO,010
-63.532113826343604,-30.908396768236766,30 54 27,63 31 56,6581132.0000000000,4449131.0000000000,MAQUINISTA GALLINI,MAQUINISTA GALLINI,2707,14,105,RIO PRIMERO,170
-63.60178092176821,-30.983561729473653,30 58 57,63 36 06,6572765.0000000000,4442516.0000000000,MONTE DEL ROSARIO,,,14,105,RIO PRIMERO,180
-63.516009047964417,-30.566107963051298,30 33 55,63 30 59,6619065.0000000000,4450468.0000000000,LA POSTA,LA POSTA,2679,14,105,RIO PRIMERO,120
-63.223159500549407,-31.208017728246364,31 10 25,63 20 15,6551697.0000000000,4467817.0000000000,COLONIA LAS CUATRO ESQUINAS,COLONIA LAS CUATRO ESQUINAS,2637,14,105,RIO PRIMERO,050
-63.605912048744145,-31.170896393375298,31 10 07,63 36 27,6552145.0000000000,4442075.0000000000,PUEBLO COMECHINGONES,COMECHINGONES,2644,14,105,RIO PRIMERO,230
-63.793649267682532,-31.077802262751817,31 04 38,63 47 37,6562151.0000000000,4424271.0000000000,ESQUINA,ESQUINA,2665,14,105,RIO PRIMERO,090
-63.600887618376007,-31.11762197772611,31 06 58,63 36 06,6557959.0000000000,4442601.0000000000,EL ALCALDE,,,14,105,RIO PRIMERO,070
-63.605962387557277,-31.019143180351488,31 01 05,63 36 19,6568841.0000000000,4442214.0000000000,EL CRISPIN,EL CRISPIN,2658,14,105,RIO PRIMERO,080
-63.587114670044429,-31.429203807679922,31 25 44,63 35 13,6523286.0000000000,4444188.0000000000,CA�ADA DE MACHADO,CA�ADA DE MACHADO,2616,14,105,RIO PRIMERO,020
-63.444840512865383,-31.288739642489901,31 17 23,63 26 44,6538783.0000000000,4457585.0000000000,SAGRADA FAMILIA,SAGRADA FAMILIA,2721,14,105,RIO PRIMERO,250
-63.228387998789493,-31.132493848919129,31 05 18,63 14 31,6561182.0000000000,4476924.0000000000,LAS GRAMILLAS,LAS GRAMILLAS,2693,14,105,RIO PRIMERO,150
-63.34007632555079,-31.028495993648626,31 01 43,63 20 25,6567766.0000000000,4467512.0000000000,DIEGO DE ROJAS,DIEGO DE ROJAS,2651,14,105,RIO PRIMERO,060
-63.260395849606525,-30.97811942404573,30 58 41,63 15 35,6573396.0000000000,4475200.0000000000,PLAZA DE MERCEDES,PLAZA DE MERCEDES,2714,14,105,RIO PRIMERO,220
-63.203499405460249,-30.760418406262314,30 45 34,63 12 13,6597641.0000000000,4480516.0000000000,LAS SALADAS,LAS SALADAS,2700,14,105,RIO PRIMERO,160
-63.832709669930395,-31.430436092893199,31 25 49,63 49 56,6522994.0000000000,4420884.0000000000,CAPILLA DE LOS REMEDIOS,CAPILLA DE LOS REMEDIOS,2623,14,105,RIO PRIMERO,030
-63.757933060256256,-31.30138639274443,31 17 59,63 45 33,6537527.0000000000,4427729.0000000000,PIQUILLIN,PIQUILLIN,0931,14,105,RIO PRIMERO,210
-63.412996308594032,-30.781166521229505,30 46 52,63 24 47,6595177.0000000000,4460462.0000000000,OBISPO TREJO,OBISPO TREJO,0924,14,105,RIO PRIMERO,200
-63.253267630088011,-30.893562479652118,30 53 33,63 15 12,6582870.0000000000,4475785.0000000000,LA PUERTA,LA PUERTA,0910,14,105,RIO PRIMERO,130
-63.945761038316142,-31.344873936404099,31 20 38,63 56 45,6532481.0000000000,4409998.0000000000,MONTECRISTO,MONTE CRISTO,0917,14,105,RIO PRIMERO,190
-63.621862960863034,-31.330153630613182,31 19 45,63 37 19,6534327.0000000000,4440814.0000000000,RIO PRIMERO,RIO PRIMERO,0938,14,105,RIO PRIMERO,240
-63.402800479120742,-31.152038725864099,31 09 05,63 24 06,6554128.0000000000,4461707.0000000000,SANTA ROSA DE RIO PRIMERO,SANTA ROSA DE RIO PRIMERO,0945,14,105,RIO PRIMERO,260
-64.830831176084658,-33.439854035469097,33 26 22,64 49 54,6298976.0000000000,4329667.0000000000,SUCO,SUCO,2588,14,098,RIO CUARTO,270
-64.843505706037377,-32.891135519664402,32 53 33,64 50 37,6359633.0000000000,4327489.0000000000,LAS ALBAHACAS,LAS ALBAHACAS,2567,14,098,RIO CUARTO,160
-64.867586193258077,-32.893932734740993,32 53 01,64 52 44,6360298.0000000000,4324172.0000000000,VILLA EL CHACAY,VILLA EL CHACAY,2595,14,098,RIO CUARTO,300
-64.741568382339977,-32.665035687376744,32 40 36,64 44 14,6383748.0000000000,4337040.0000000000,VILLA SANTA EUGENIA,ALPA CORRAL,0777,14,098,RIO CUARTO,310
-64.048472238326468,-33.169228857673872,33 10 12,64 02 59,6329866.0000000000,4402095.0000000000,PASO DEL DURAZNO,PASO DEL DURAZNO,2329,14,098,RIO CUARTO,220
-64.10414426044504,-32.535541671130623,32 32 05,64 06 19,6400264.0000000000,4396172.0000000000,LAS PE�AS,LAS PE�AS SUD,2574,14,098,RIO CUARTO,180
-64.457939556917054,-33.819531887674394,33 49 08,64 27 25,6257446.0000000000,4365111.0000000000,TOSQUITA,TOSQUITA,0826,14,098,RIO CUARTO,280
-63.889995111296017,-33.63793463318013,33 38 13,63 53 24,6278225.0000000000,4417428.0000000000,MONTE DE LOS GAUCHOS,MONTE DE LOS GAUCHOS,0854,14,098,RIO CUARTO,210
-64.432076869068581,-33.489505154660044,33 29 22,64 25 55,6294028.0000000000,4366913.0000000000,MALENA,MALENA,2414,14,098,RIO CUARTO,200
-65.004308428457222,-33.556295991646572,33 33 23,65 00 19,6285713.0000000000,4313771.0000000000,CHAJAN,CHAJAN,0798,14,098,RIO CUARTO,070
-64.725427583474541,-33.186695867254642,33 11 13,64 43 30,6327170.0000000000,4339114.0000000000,LA CAROLINA,LA CAROLINA EL POTOSI,2560,14,098,RIO CUARTO,120
-64.258858224270369,-33.207668968299984,33 12 30,64 15 30,6325411.0000000000,4382667.0000000000,LA GILDA,LA GILDA,0833,14,098,RIO CUARTO,140
-64.169721125045697,-33.009584920311347,33 00 32,64 10 16,6347615.0000000000,4390551.0000000000,CHUCUL,CHUCUL,2553,14,098,RIO CUARTO,080
-64.721633192620047,-32.692209087243818,32 41 25,64 43 16,6382243.0000000000,4338581.0000000000,ALPA CORRAL,ALPA CORRAL,0777,14,098,RIO CUARTO,040
-64.690205699916163,-33.87518538912034,33 52 24,64 41 19,6251067.0000000000,4343757.0000000000,WASHINGTON,WASHINGTON,2602,14,098,RIO CUARTO,320
-64.083251476022269,-33.979566399192151,33 58 43,64 05 03,6240149.0000000000,4399800.0000000000,LA CAUTIVA,LA CAUTIVA,0826,14,098,RIO CUARTO,130
-64.578312749708942,-33.281968089033619,33 17 02,64 34 41,6316615.0000000000,4352984.0000000000,LAS VERTIENTES,LAS VERTIENTES,0847,14,098,RIO CUARTO,190
-64.67720976887604,-33.504335602782241,33 30 12,64 40 32,6292142.0000000000,4344299.0000000000,BULNES,BULNES,0791,14,098,RIO CUARTO,060
-64.359477495063359,-32.849429488410159,32 50 58,64 21 36,6365084.0000000000,4372696.0000000000,CORONEL BAIGORRIA,CORONEL BAIGORRIA,0805,14,098,RIO CUARTO,090
-63.976560088973422,-33.281834634793277,33 16 56,63 58 33,6317490.0000000000,4409091.0000000000,LAS ACEQUIAS,LAS ACEQUIAS,0833,14,098,RIO CUARTO,150
-64.994449300593772,-33.177755351051005,33 10 37,64 59 40,6327813.0000000000,4313968.0000000000,ACHIRAS,ACHIRAS,0756,14,098,RIO CUARTO,010
-64.31624386094856,-33.497433188734611,33 29 52,64 18 55,6293227.0000000000,4377783.0000000000,SAN BASILIO,SAN BASILIO,0875,14,098,RIO CUARTO,250
-64.392934870279618,-32.573078039551824,32 34 19,64 23 35,6395819.0000000000,4369194.0000000000,ELENA,ELENA,0819,14,098,RIO CUARTO,110
-64.43480135507258,-33.206969383282775,33 12 21,64 26 05,6325460.0000000000,4366218.0000000000,SANTA CATALINA HOLMBERG,SANTA CATALINA,0882,14,098,RIO CUARTO,260
-64.337847625146864,-32.758085305718872,32 45 25,64 20 16,6375367.0000000000,4374626.0000000000,ALCIRA GIGENA,ALCIRA,0770,14,098,RIO CUARTO,030
-64.021443258768443,-33.632345299680608,33 37 54,64 01 15,6278698.0000000000,4405283.0000000000,ADELIA MARIA,ADELIA MARIA,0763,14,098,RIO CUARTO,020
-64.390186625882976,-32.450431330041582,32 27 10,64 23 08,6409050.0000000000,4369728.0000000000,BERROTARAN,BERROTARAN,0784,14,098,RIO CUARTO,050
-64.724040442053806,-33.385423457944547,33 23 04,64 43 19,6305244.0000000000,4339767.0000000000,SAMPACHO,SAMPACHO,0868,14,098,RIO CUARTO,240
-64.391013604484726,-33.919401314122645,33 55 02,64 23 25,6246614.0000000000,4371435.0000000000,VICU�A MACKENNA,VICU�A MACKENNA,0896,14,098,RIO CUARTO,290
-64.598709304235314,-33.623504544608799,33 37 23,64 35 50,6278967.0000000000,4351796.0000000000,CORONEL MOLDES,CORONEL MOLDES,0812,14,098,RIO CUARTO,100
-64.286809652599061,-33.090271283878089,33 05 21,64 17 13,6338584.0000000000,4379859.0000000000,LAS HIGUERAS,LAS HIGUERAS,0840,14,098,RIO CUARTO,170
-64.348720100164314,-33.125291507374392,33 07 27,64 20 55,6334626.0000000000,4374128.0000000000,RIO CUARTO,RIO CUARTO,0861,14,098,RIO CUARTO,230
-64.496807509674028,-30.776564321131385,30 47 42,64 31 16,6592731.0000000000,4354411.0000000000,QUEBRADA DE LUNA,CHARBONIER,2483,14,091,PUNILLA,170
-64.481504875247765,-31.374872410031148,31 22 22,64 28 56,6528725.0000000000,4358990.0000000000,VILLA LAGO AZUL,VILLA SANTA CRUZ DEL LAGO,2539,14,091,PUNILLA,280
-64.456378788049719,-31.353549018684198,31 20 59,64 27 36,6531299.0000000000,4361075.0000000000,SAN ROQUE,SAN ROQUE,2518,14,091,PUNILLA,200
-64.489891918764755,-31.354775425734804,31 20 45,64 28 49,6531714.0000000000,4359134.0000000000,VILLA PARQUE SIQUIMAN,VILLA PARQUE SIQUIMAN,2532,14,091,PUNILLA,290
-64.526782343801841,-31.47111800644408,31 28 42,64 31 44,6516957.0000000000,4354706.0000000000,SAN ANTONIO DE ARREDONDO,SAN ANTONIO DE ARREDONDO,2511,14,091,PUNILLA,180
-64.543590622554078,-31.471594926546164,31 28 00,64 32 34,6518198.0000000000,4353374.0000000000,MAYU SUMAJ,MAYU SUMAJ,2504,14,091,PUNILLA,160
-64.519243097923862,-31.367452816529042,31 22 01,64 31 14,6529044.0000000000,4355337.0000000000,VILLA SANTA CRUZ DEL LAGO,VILLA SANTA CRUZ DEL LAGO,2539,14,091,PUNILLA,320
-64.526691210500317,-31.386907090316893,31 23 03,64 31 02,6527392.0000000000,4355665.0000000000,ESTANCIA VIEJA,ESTANCIA VIEJA,2497,14,091,PUNILLA,090
-64.483406581344042,-31.318966474535287,31 18 44,64 27 47,6535441.0000000000,4360731.0000000000,BIALET MASSE,BIALET MASSE,0665,14,091,PUNILLA,020
-64.505895361228056,-31.430003066632072,31 25 06,64 29 36,6523656.0000000000,4357998.0000000000,VILLA CARLOS PAZ,VILLA CARLOS PAZ,0742,14,091,PUNILLA,250
-64.559252555646523,-31.389915623983573,31 23 35,64 33 49,6526350.0000000000,4351280.0000000000,CABALANGO,CABALANGO,2469,14,091,PUNILLA,030
-64.575397459289476,-31.358567474221012,31 21 18,64 35 27,6530548.0000000000,4348613.0000000000,TANTI,TANTI,0728,14,091,PUNILLA,230
-64.536034698150772,-30.920430776793332,30 55 12,64 32 01,6578852.0000000000,4353174.0000000000,SAN ESTEBAN,SAN ESTEBAN,0714,14,091,PUNILLA,190
-64.507802585943566,-30.925845545507016,30 55 37,64 30 09,6578120.0000000000,4356377.0000000000,LOS COCOS,LOS COCOS,0707,14,091,PUNILLA,140
-64.543528484024776,-30.790686414652626,30 50 15,64 32 12,6587994.0000000000,4352982.0000000000,BARRIO SANTA ISABEL,CHARBONIER,2483,14,091,PUNILLA,010
-64.563283739679292,-31.279112987096642,31 16 47,64 33 55,6538933.0000000000,4350933.0000000000,VILLA SAN JOSE,SANTA MARIA DE PUNILLA,0721,14,091,PUNILLA,310
-64.600921405083184,-31.39002684755555,31 23 11,64 36 01,6527035.0000000000,4347769.0000000000,VILLA FLOR SERRANA,TANTI,0728,14,091,PUNILLA,260
-64.574708981512984,-31.298203764513381,31 17 52,64 34 30,6536916.0000000000,4350043.0000000000,MALLIN,SANTA MARIA DE PUNILLA,0721,14,091,PUNILLA,150
-64.547046630358054,-31.533814945372811,31 31 06,64 32 05,6512513.0000000000,4354231.0000000000,LAS JARILLAS,SAN ANTONIO DE ARREDONDO,2511,14,091,PUNILLA,130
-64.542896321154871,-30.775767366167468,30 46 20,64 32 39,6595240.0000000000,4352168.0000000000,CHARBONIER,CHARBONIER,2483,14,091,PUNILLA,060
-64.564528565437428,-31.471621083888031,31 28 21,64 33 55,6517549.0000000000,4351255.0000000000,TALA HUASI,TALA HUASI,2525,14,091,PUNILLA,220
-64.564742466820363,-31.480933777716984,31 28 45,64 33 46,6516814.0000000000,4351494.0000000000,VILLA RIO ICHO CRUZ,VILLA RIO ICHO CRUZ,2546,14,091,PUNILLA,300
-64.583740124900004,-31.476372465529149,31 28 44,64 34 38,6516830.0000000000,4350106.0000000000,CUESTA BLANCA,CUESTA BLANCA,2490,14,091,PUNILLA,080
-64.525863874277135,-30.856797338683709,30 51 23,64 31 35,6585915.0000000000,4354009.0000000000,CAPILLA DEL MONTE,CAPILLA DEL MONTE,0672,14,091,PUNILLA,040
-64.492388901316573,-30.981427003790674,30 58 45,64 29 27,6572339.0000000000,4357574.0000000000,LA CUMBRE,LA CUMBRE,0693,14,091,PUNILLA,110
-64.466738330786171,-31.278481689513796,31 16 13,64 27 55,6540093.0000000000,4360443.0000000000,SANTA MARIA DE PUNILLA,SANTA MARIA DE PUNILLA,0721,14,091,PUNILLA,210
-64.472452385140087,-31.218886217929686,31 14 26,64 27 56,6543392.0000000000,4360381.0000000000,COSQUIN,COSQUIN,0679,14,091,PUNILLA,070
-64.478379322445889,-31.153924278540469,31 10 11,64 28 39,6551235.0000000000,4359124.0000000000,CASA GRANDE,CASA GRANDE,2476,14,091,PUNILLA,050
-64.493583919115721,-31.032764585860818,31 01 26,64 30 14,6567381.0000000000,4356402.0000000000,VILLA GIARDINO,VILLA GIARDINO,0749,14,091,PUNILLA,270
-64.477265649133159,-31.123252749362816,31 07 02,64 29 03,6557040.0000000000,4358414.0000000000,VALLE HERMOSO,VALLE HERMOSO,0735,14,091,PUNILLA,240
-64.493000873139849,-31.069887807790384,31 03 06,64 29 54,6564290.0000000000,4356980.0000000000,HUERTA GRANDE,HUERTA GRANDE,0686,14,091,PUNILLA,100
-64.481470604132511,-31.093912317430842,31 05 31,64 29 11,6559845.0000000000,4358167.0000000000,LA FALDA,LA FALDA,0700,14,091,PUNILLA,120
-63.733829893719729,-34.052247170410482,34 03 04,63 43 56,6232392.0000000000,4432400.0000000000,RIO BAMBA,RIO BAMBA,2455,14,084,PTE ROQUE SAENZ PE�A,060
-63.15404459378896,-34.172842812474357,34 10 18,63 09 13,6219238.0000000000,4485849.0000000000,ROSALES,ROSALES,0644,14,084,PTE ROQUE SAENZ PE�A,070
-62.976526918910658,-34.204048736650563,34 12 15,62 58 37,6215667.0000000000,4502130.0000000000,LEGUIZAMON,LEGUIZAMON,2448,14,084,PTE ROQUE SAENZ PE�A,040
-62.974079836553841,-33.952672127536673,33 57 07,62 58 28,6243644.0000000000,4502358.0000000000,LA CESIRA,LA CESIRA,0623,14,084,PTE ROQUE SAENZ PE�A,020
-63.922527264172928,-34.010886188236704,34 00 35,63 55 21,6236830.0000000000,4414780.0000000000,GENERAL LEVALLE,GENERAL LEVALLE,0616,14,084,PTE ROQUE SAENZ PE�A,010
-63.3867244350824,-34.12540292391364,34 07 25,63 23 19,6224524.0000000000,4464147.0000000000,LABOULAYE,LABOULAYE,0630,14,084,PTE ROQUE SAENZ PE�A,030
-63.708725949464935,-34.511646971300898,34 30 38,63 42 48,6181430.0000000000,4434500.0000000000,SAN JOAQUIN,SAN JOAQUIN,2462,14,084,PTE ROQUE SAENZ PE�A,080
-63.269594699992091,-34.29719233822,34 17 53,63 16 07,6205223.0000000000,4475278.0000000000,VILLA ROSSI,VILLA ROSSI,0658,14,084,PTE ROQUE SAENZ PE�A,100
-63.445738003468918,-34.348996596711508,34 20 54,63 26 50,6199576.0000000000,4458857.0000000000,MELO,MELO,0637,14,084,PTE ROQUE SAENZ PE�A,050
-63.537556495439667,-34.47105144877758,34 28 12,63 32 15,6186039.0000000000,4450613.0000000000,SERRANO,SERRANO,0651,14,084,PTE ROQUE SAENZ PE�A,090
-65.090468203404654,-31.316272455135184,31 18 55,65 05 28,6534161.0000000000,4300938.0000000000,SALSACATE,SALSACATE,0609,14,077,POCHO,040
-64.975261665496859,-31.356855270876199,31 21 14,64 58 39,6530069.0000000000,4311825.0000000000,TALA CA�ADA,TALA CA�ADA,2434,14,077,POCHO,060
-65.049932468838222,-31.381700155615661,31 22 31,65 02 19,6527572.0000000000,4306053.0000000000,LOS TALARES,LOS TALARES,2420,14,077,POCHO,030
-65.451379271651419,-31.4164677140474,31 25 02,65 26 43,6522139.0000000000,4267450.0000000000,CHANCANI,CHANCANI,2406,14,077,POCHO,010
-65.290215511508947,-31.379478680739002,31 22 44,65 17 01,6526713.0000000000,4282511.0000000000,LAS PALMAS,LAS PALMAS,2413,14,077,POCHO,020
-64.913171694663973,-31.34192338515458,31 20 27,64 54 47,6531607.0000000000,4317920.0000000000,SAN GERONIMO,SAN GERONIMO,2427,14,077,POCHO,050
-65.080092797739496,-31.34496113020527,31 20 43,65 04 48,6530826.0000000000,4302039.0000000000,TANINGA,SALSACATE,0609,14,077,POCHO,070
-65.281990562011359,-31.489430949913771,31 29 01,65 16 45,6514845.0000000000,4283403.0000000000,VILLA DE POCHO,VILLA DE POCHO,2441,14,077,POCHO,080
-65.282730754440735,-31.040628431914115,31 02 11,65 16 08,6564738.0000000000,4283365.0000000000,CIENAGA DEL CORO,CIENAGA DEL CORO,2357,14,070,MINAS,010
-65.349197774880722,-31.07623217211427,31 05 51,65 19 41,6557846.0000000000,4277846.0000000000,GUASAPAMPA,GUASAPAMPA,2378,14,070,MINAS,040
-65.167175184814724,-31.250661254011597,31 14 59,65 10 02,6541281.0000000000,4293541.0000000000,TALAINI,TALAINI,2392,14,070,MINAS,070
-65.31005912827932,-30.960369887084568,30 56 60,65 18 36,6574252.0000000000,4279248.0000000000,TOSNO,TOSNO,2399,14,070,MINAS,080
-65.360802681458892,-31.009521844026811,31 02 06,65 20 43,6564744.0000000000,4276065.0000000000,LA PLAYA,LA PLAYA,2385,14,070,MINAS,050
-65.216790879996637,-31.128491555123215,31 07 27,65 13 37,6555086.0000000000,4287572.0000000000,ESTANCIA DE GUADALUPE,ESTANCIA DE GUADALUPE,2371,14,070,MINAS,030
-65.656051095039373,-30.799304257719356,30 48 06,65 38 39,6589974.0000000000,4246918.0000000000,EL CHACHO,EL CHACHO,2364,14,070,MINAS,020
-65.101683738783692,-31.176556161072376,31 10 32,65 06 06,6549621.0000000000,4299626.0000000000,SAN CARLOS MINAS,SAN CARLOS MINAS,0602,14,070,MINAS,060
-62.294014613103911,-32.833822424242101,32 44 56,62 19 50,6376881.0000000000,4562728.0000000000,VILLA ELISA,VILLA ELISA,2350,14,063,MARCOS JUAREZ,230
-62.342886272331285,-32.934182498476389,32 55 59,62 20 34,6356439.0000000000,4561457.0000000000,SALADILLO,SALADILLO,2343,14,063,MARCOS JUAREZ,220
-61.952013427746017,-32.887946418432435,32 53 18,61 56 05,6361095.0000000000,4599676.0000000000,COLONIA VEINTICINCO,LOS SURGENTES,0574,14,063,MARCOS JUAREZ,080
-62.178966095803965,-33.312751466694849,33 18 43,62 10 51,6314324.0000000000,4576288.0000000000,COLONIA ITALIANA,COLONIA ITALIANA,0511,14,063,MARCOS JUAREZ,070
-62.607724705104275,-33.257867990503918,33 15 31,62 36 29,6320475.0000000000,4536512.0000000000,COLONIA BARGE,COLONIA BARGE,2336,14,063,MARCOS JUAREZ,060
-62.269746848545864,-33.248234890943749,33 14 50,62 16 11,6321563.0000000000,4568055.0000000000,CAPITAN GENERAL BERNARDO O`HIGGINS,CAPITAN GENERAL B. O'HIGGINS,0497,14,063,MARCOS JUAREZ,040
-62.102056578863959,-32.407814418484158,32 24 23,62 06 11,6414692.0000000000,4584388.0000000000,SAIRA,SAIRA,0595,14,063,MARCOS JUAREZ,210
-62.338692403945352,-33.478344328602226,33 28 42,62 20 22,6295971.0000000000,4561406.0000000000,CAVANAGH,CAVANAGH,0504,14,063,MARCOS JUAREZ,050
-62.306148947518409,-33.121212352854144,33 07 19,62 18 13,6335469.0000000000,4564980.0000000000,GENERAL BALDISSERA,GENERAL BALDISSERA,0532,14,063,MARCOS JUAREZ,110
-61.917146893510377,-32.731529062821245,32 43 50,61 55 02,6378586.0000000000,4601506.0000000000,GENERAL ROCA,GENERAL ROCA,0539,14,063,MARCOS JUAREZ,120
-62.023712889541486,-32.98540537998737,32 59 04,62 01 25,6350527.0000000000,4591256.0000000000,LOS SURGENTES,LOS SURGENTES,0574,14,063,MARCOS JUAREZ,170
-62.437901577642386,-33.46166368651825,33 27 42,62 26 21,6297866.0000000000,4552140.0000000000,GUATIMOZIN,GUATIMOZIN,0546,14,063,MARCOS JUAREZ,130
-62.623892770885419,-33.608380390267413,33 36 27,62 37 34,6281765.0000000000,4534697.0000000000,ALEJO LEDESMA,ALEJO LEDESMA,0476,14,063,MARCOS JUAREZ,010
-62.230626250696474,-32.944078195944144,32 56 38,62 13 50,6355183.0000000000,4571954.0000000000,INRIVILLE,INRIVILLE,0553,14,063,MARCOS JUAREZ,140
-62.403723791631663,-33.240053146389748,33 14 24,62 24 16,6322430.0000000000,4555507.0000000000,ISLA VERDE,ISLA VERDE,0560,14,063,MARCOS JUAREZ,150
-62.457662622387609,-32.918552835716483,32 55 03,62 27 28,6358233.0000000000,4550731.0000000000,MONTE BUEY,MONTE BUEY,0588,14,063,MARCOS JUAREZ,190
-62.095623974181763,-33.127538561272786,33 07 25,62 05 48,6335131.0000000000,4584310.0000000000,CAMILO ALDAO,CAMILO ALDAO,0490,14,063,MARCOS JUAREZ,030
-62.402792688836065,-33.642210771939482,33 38 28,62 24 10,6277946.0000000000,4555405.0000000000,ARIAS,ARIAS,0483,14,063,MARCOS JUAREZ,020
-61.810984916295396,-33.008016664215127,33 00 25,61 48 39,6347814.0000000000,4611113.0000000000,CRUZ ALTA,CRUZ ALTA,0525,14,063,MARCOS JUAREZ,100
-62.299921377637965,-32.659406168588291,32 39 30,62 17 60,6386886.0000000000,4565677.0000000000,LEONES,LEONES,0567,14,063,MARCOS JUAREZ,160
-62.185457449907588,-33.282652978592104,33 16 54,62 11 08,6317688.0000000000,4575881.0000000000,CORRAL DE BUSTOS,CORRAL DE BUSTOS,0518,14,063,MARCOS JUAREZ,090
-62.101881539647984,-32.690928605533145,32 41 29,62 06 21,6383098.0000000000,4583857.0000000000,MARCOS JUAREZ,MARCOS JUAREZ,0581,14,063,MARCOS JUAREZ,180
-63.295446169823649,-33.421268106874749,33 25 13,63 17 49,6302578.0000000000,4472379.0000000000,LA CARLOTA,LA CARLOTA,0434,14,056,JUAREZ CELMAN,100
-63.489825737389637,-33.75766116846242,33 45 36,63 29 24,6264811.0000000000,4454617.0000000000,PACHECO DE MELO,PACHECO DE MELO,2322,14,056,JUAREZ CELMAN,130
-63.908585171706214,-33.044508708800045,33 02 37,63 54 31,6344028.0000000000,4415129.0000000000,OLAETA,OLAETA,0448,14,056,JUAREZ CELMAN,120
-63.471645809040389,-33.401096017551261,33 24 00,63 28 18,6304749.0000000000,4456122.0000000000,LOS CISNES,LOS CISNES,0441,14,056,JUAREZ CELMAN,110
-63.538335813167798,-33.665272274666641,33 39 52,63 32 21,6275389.0000000000,4449988.0000000000,EL RASTREADOR,EL RASTREADOR,2315,14,056,JUAREZ CELMAN,060
-63.225643069103782,-33.634447474677437,33 37 60,63 13 33,6278956.0000000000,4479041.0000000000,ASSUNTA,ASSUNTA,2308,14,056,JUAREZ CELMAN,020
-63.671640625479071,-33.027576763928266,33 01 39,63 40 19,6345977.0000000000,4437225.0000000000,BENGOLEA,BENGOLEA,0392,14,056,JUAREZ CELMAN,030
-64.046250004083447,-33.024063040435401,33 01 27,64 02 45,6346052.0000000000,4402289.0000000000,CHARRAS,CHARRAS,0406,14,056,JUAREZ CELMAN,050
-63.636715000955846,-33.66629896643493,33 39 56,63 38 14,6275222.0000000000,4440896.0000000000,HUANCHILLAS,HUANCHILLA,0427,14,056,JUAREZ CELMAN,090
-63.861794026843711,-33.200420165726662,33 12 05,63 51 44,6326544.0000000000,4419605.0000000000,VILLA REDUCCION,VILLA REDUCCION,0455,14,056,JUAREZ CELMAN,170
-64.025066331384579,-32.914382382831953,32 54 55,64 01 32,6358143.0000000000,4404056.0000000000,CARNERILLO,CARNERILLO,0399,14,056,JUAREZ CELMAN,040
-63.283179366644227,-33.176918803581934,33 10 36,63 16 55,6329580.0000000000,4473696.0000000000,SANTA EUFEMIA,SANTA EUFEMIA,0462,14,056,JUAREZ CELMAN,150
-63.71762872905316,-33.353579075604529,33 21 23,63 43 14,6309452.0000000000,4432933.0000000000,ALEJANDRO ROCA,ALEJANDRO ROCA,0385,14,056,JUAREZ CELMAN,010
-63.507762358067673,-33.032665921710823,33 02 00,63 30 30,6345395.0000000000,4452519.0000000000,UCACHA,UCACHA,0469,14,056,JUAREZ CELMAN,160
-63.785315207040817,-32.755956404713238,32 45 18,63 47 06,6376124.0000000000,4426432.0000000000,GENERAL DEHEZA,GENERAL DEHEZA,0420,14,056,JUAREZ CELMAN,080
-63.873686306352596,-32.812909249654012,32 48 43,63 52 25,6369742.0000000000,4418176.0000000000,GENERAL CABRERA,GENERAL CABRERA,0413,14,056,JUAREZ CELMAN,070
-64.500851755270958,-30.643343586836629,30 36 41,64 33 20,6613049.0000000000,4350829.0000000000,COPACABANA,COPACABANA,2280,14,049,ISCHILIN,040
-64.470880142604528,-30.207410035429831,30 12 59,64 27 24,6656960.0000000000,4359759.0000000000,VILLA QUILINO,QUILINO,0378,14,049,ISCHILIN,130
-64.160178334979847,-30.679119296671324,30 39 25,64 10 55,6608428.0000000000,4386712.0000000000,VILLA GUTIERREZ,VILLA GUTIERREZ,2301,14,049,ISCHILIN,120
-64.446922146330735,-30.454991629938526,30 27 15,64 26 51,6630616.0000000000,4360962.0000000000,SAN PEDRO DE TOYOS,DEAN FUNES,0371,14,049,ISCHILIN,110
-64.252525869241779,-30.518877634446188,30 30 56,64 15 59,6624029.0000000000,4378437.0000000000,LOS POZOS,LOS POZOS,2287,14,049,ISCHILIN,080
-64.853600343392799,-30.602160693056092,30 36 07,64 50 36,6613662.0000000000,4323209.0000000000,OLIVARES DE SAN NICOLAS,OLIVARES DE SAN NICOLAS,2294,14,049,ISCHILIN,090
-64.910439636330366,-30.600114273298477,30 36 06,64 54 27,6613608.0000000000,4317065.0000000000,ESQUINA DEL ALAMBRE,,,14,049,ISCHILIN,060
-64.668880719083532,-30.468455402067104,30 28 07,64 40 16,6628704.0000000000,4339501.0000000000,CHU�A,CHU�A,2273,14,049,ISCHILIN,030
-64.218289843781534,-30.777388258832143,30 46 33,64 13 06,6595201.0000000000,4383372.0000000000,CA�ADA DE RIO PINTO,CA�ADA DE RIO PINTO,2266,14,049,ISCHILIN,020
-64.206744870755273,-30.595085448475352,30 35 41,64 12 28,6615306.0000000000,4384157.0000000000,AVELLANEDA,AVELLANEDA,2259,14,049,ISCHILIN,010
-64.497653611576837,-30.215298925112762,30 12 57,64 30 11,6656957.0000000000,4355290.0000000000,QUILINO,QUILINO,0378,14,049,ISCHILIN,100
-64.351657414072363,-30.423879024959966,30 25 23,64 21 06,6634191.0000000000,4370133.0000000000,DEAN FUNES,DEAN FUNES,0371,14,049,ISCHILIN,050
-63.184510685052587,-32.434666750389496,32 26 03,63 11 04,6411948.0000000000,4482652.0000000000,VILLA ALBERTINA,VILLA MARIA,0357,14,042,GENERAL SAN MARTIN,160
-63.281920660953389,-32.416835122298018,32 26 04,63 17 15,6411914.0000000000,4472956.0000000000,VILLA OESTE,VILLA NUEVA,0364,14,042,GENERAL SAN MARTIN,190
-62.931052977866784,-32.251012352978407,32 15 02,62 55 54,6432318.0000000000,4506441.0000000000,SILVIO PELLICO,SILVIO PELLICO,0336,14,042,GENERAL SAN MARTIN,130
-63.24897007950559,-32.529101474052901,32 31 39,63 14 53,6401585.0000000000,4476705.0000000000,SANABRIA,AUSONIA,0280,14,042,GENERAL SAN MARTIN,120
-63.477728154120271,-32.540381534262515,32 32 25,63 28 35,6400110.0000000000,4455263.0000000000,LUCA,LUCA,0322,14,042,GENERAL SAN MARTIN,100
-63.233058285346587,-32.303866903860317,32 18 11,63 13 58,6426494.0000000000,4478069.0000000000,LAS MOJARRAS,,,14,042,GENERAL SAN MARTIN,090
-63.409315361648417,-32.61648741786032,32 36 56,63 24 33,6391775.0000000000,4461590.0000000000,LA PALESTINA,LA PALESTINA,0308,14,042,GENERAL SAN MARTIN,070
-63.162675937792621,-32.202245530523683,32 12 07,63 09 46,6437706.0000000000,4484651.0000000000,ARROYO ALGODON,ARROYO ALGODON,0226,14,042,GENERAL SAN MARTIN,010
-63.275771216414462,-33.077635618803448,33 04 38,63 16 32,6340616.0000000000,4474282.0000000000,CHAZON,CHAZON,0287,14,042,GENERAL SAN MARTIN,040
-63.243296465453007,-32.662306079435609,32 39 41,63 14 41,6386745.0000000000,4477036.0000000000,AUSONIA,AUSONIA,0280,14,042,GENERAL SAN MARTIN,030
-63.341477734633862,-32.747590645880997,32 44 49,63 20 28,6377224.0000000000,4468030.0000000000,PASCO,PASCO,0329,14,042,GENERAL SAN MARTIN,110
-63.245883221803908,-32.802577554064037,32 48 05,63 14 38,6371215.0000000000,4477146.0000000000,LA LAGUNA,LA LAGUNA,0301,14,042,GENERAL SAN MARTIN,060
-63.437154447630903,-32.693203324544896,32 41 31,63 26 07,6383299.0000000000,4459178.0000000000,TICINO,TICINO,0343,14,042,GENERAL SAN MARTIN,140
-63.0312782892751,-32.100017552013995,32 05 59,63 01 57,6449058.0000000000,4496930.0000000000,LA PLAYOSA,LA PLAYOSA,0315,14,042,GENERAL SAN MARTIN,080
-63.354016867224246,-32.28737448187789,32 17 11,63 21 14,6428303.0000000000,4466652.0000000000,TIO PUJIO,TIO PUJIO,0350,14,042,GENERAL SAN MARTIN,150
-63.401473625055388,-32.489992240138498,32 29 20,63 24 05,6405818.0000000000,4462266.0000000000,ARROYO CABRAL,ARROYO CABRAL,0273,14,042,GENERAL SAN MARTIN,020
-63.247254673666596,-32.941540005861029,32 56 26,63 14 50,6355788.0000000000,4476878.0000000000,ETRURIA,ETRURIA,0294,14,042,GENERAL SAN MARTIN,050
-63.249118533833098,-32.431773867565703,32 25 44,63 14 58,6412534.0000000000,4476547.0000000000,VILLA NUEVA,VILLA NUEVA,0364,14,042,GENERAL SAN MARTIN,180
-63.242311295419512,-32.408082839815897,32 24 43,63 14 60,6414390.0000000000,4476484.0000000000,VILLA MARIA,VILLA MARIA,0357,14,042,GENERAL SAN MARTIN,170
-64.723839731377623,-34.122585518422355,34 07 12,64 43 17,6223669.0000000000,4341191.0000000000,VILLA SARMIENTO,VILLA SARMIENTO (G. R.),2252,14,035,GENERAL ROCA,130
-64.340906891237424,-34.440325611035448,34 26 18,64 20 18,6188880.0000000000,4376989.0000000000,NICOLAS BRUZZONE,NICOLAS BRUZZONE,2224,14,035,GENERAL ROCA,070
-64.099966530672589,-34.842723079968962,34 50 37,64 05 56,6144162.0000000000,4399502.0000000000,RANQUELES,RANQUELES,2245,14,035,GENERAL ROCA,100
-63.916674163533067,-34.838690144330165,34 50 17,63 54 56,6144970.0000000000,4416253.0000000000,PINCEN,PINCEN,2238,14,035,GENERAL ROCA,090
-64.810281040904613,-34.495269739077152,34 29 47,64 48 34,6181753.0000000000,4333802.0000000000,ESTACION LECUEDER,,,14,035,GENERAL ROCA,020
-63.672113766575855,-34.773936961547015,34 46 13,63 40 13,6152651.0000000000,4438636.0000000000,ONAGOITY,ONAGOITY,2231,14,035,GENERAL ROCA,080
-63.781845600144301,-34.790609498056732,34 47 28,63 46 52,6150261.0000000000,4428504.0000000000,ITALO,ITALO,0231,14,035,GENERAL ROCA,050
-64.172148966738604,-34.482503958399469,34 28 49,64 10 10,6184396.0000000000,4392565.0000000000,MATTALDI,MATTALDI,0245,14,035,GENERAL ROCA,060
-63.50703313900631,-34.723785596132679,34 43 20,63 30 29,6158061.0000000000,4453468.0000000000,HIPOLITO BOUCHARD,BUCHARDO,0210,14,035,GENERAL ROCA,030
-64.920567593071695,-34.340651892357236,34 20 27,64 55 04,6198829.0000000000,4323519.0000000000,VILLA VALERIA,VILLA VALERIA,0259,14,035,GENERAL ROCA,140
-64.496503447799725,-34.37523925295941,34 22 34,64 29 40,6195575.0000000000,4362533.0000000000,DEL CAMPILLO,DEL CAMPILLO,0217,14,035,GENERAL ROCA,010
-63.943299534696315,-34.517995237554558,34 30 53,63 56 29,6180804.0000000000,4413545.0000000000,SANTA MAGDALENA (JOVITA),JOVITA,0238,14,035,GENERAL ROCA,110
-64.584045343288665,-34.838543993063467,34 50 14,64 35 00,6144292.0000000000,4355166.0000000000,VILLA HUIDOBRO,VILLA HUIDOBRO,0252,14,035,GENERAL ROCA,120
-64.372473778607869,-34.840802271904991,34 50 23,64 22 21,6144294.0000000000,4374460.0000000000,HUINCA RENANCO,HUINCA RENANCO,0224,14,035,GENERAL ROCA,040
-65.103100823500128,-31.0128298922947,31 00 48,65 06 03,6567620.0000000000,4299377.0000000000,LA HIGUERA,LA HIGUERA,2175,14,028,CRUZ DEL EJE,110
-65.307045982097378,-30.371740595542704,30 26 30,65 25 26,6630384.0000000000,4267141.0000000000,LA BATEA,LA BATEA,2168,14,028,CRUZ DEL EJE,100
-65.062092318841223,-30.478832723409059,30 28 46,65 03 35,6626902.0000000000,4302203.0000000000,GUANACO MUERTO,GUANACO MUERTO,2161,14,028,CRUZ DEL EJE,080
-64.734357014258137,-30.915522251854348,30 55 60,64 43 08,6577125.0000000000,4335704.0000000000,LAS CA�ADAS,LAS CA�ADAS,2182,14,028,CRUZ DEL EJE,120
-64.9409656486975,-31.066901204813032,31 03 59,64 56 33,6562024.0000000000,4314592.0000000000,CRUZ DE CA�A,CRUZ DE CA�A,2147,14,028,CRUZ DEL EJE,040
-65.038238750859804,-30.541846933129285,30 32 27,65 02 18,6620114.0000000000,4304374.0000000000,ALTO DE LOS QUEBRACHOS,ALTO DE LOS QUEBRACHOS,2133,14,028,CRUZ DEL EJE,010
-65.058614912945743,-30.788971687142514,30 48 16,65 02 37,6590886.0000000000,4304404.0000000000,BA�ADO DE SOTO,BA�ADO DE SOTO,2140,14,028,CRUZ DEL EJE,020
-64.955692680596499,-30.559000726853018,30 34 21,64 56 28,6616783.0000000000,4313779.0000000000,LOS CHA�ARITOS,LOS CHA�ARITOS (C. D. E.),2196,14,028,CRUZ DEL EJE,140
-64.842013961547607,-30.711451475229101,30 40 53,64 51 39,6604832.0000000000,4321690.0000000000,LAS PLAYAS,LAS PLAYAS,2189,14,028,CRUZ DEL EJE,130
-65.191255438102502,-30.767600793927059,30 46 07,65 11 11,6594593.0000000000,4290656.0000000000,PASO VIEJO,PASO VIEJO,2210,14,028,CRUZ DEL EJE,160
-64.932509093728001,-30.636908446067384,30 37 24,64 57 06,6611130.0000000000,4312873.0000000000,MEDIA NARANJA,MEDIA NARANJA,2203,14,028,CRUZ DEL EJE,150
-64.638224929293671,-30.773478642950629,30 45 26,64 38 37,6596750.0000000000,4342626.0000000000,LA BANDA,SAN MARCOS SIERRAS,0189,14,028,CRUZ DEL EJE,090
-64.647841866597304,-30.745527246221787,30 44 23,64 38 55,6598687.0000000000,4342126.0000000000,EL RINCON,SAN MARCOS SIERRAS,0189,14,028,CRUZ DEL EJE,070
-64.694838925288522,-30.85797427163337,30 52 00,64 40 58,6584558.0000000000,4339042.0000000000,CANTERAS QUILPO,SAN MARCOS SIERRAS,0189,14,028,CRUZ DEL EJE,030
-65.236760921468331,-30.748130839488393,30 42 55,65 16 23,6600341.0000000000,4282249.0000000000,TUCLAME,TUCLAME,2217,14,028,CRUZ DEL EJE,190
-64.87459317160264,-30.674574363172304,30 40 20,64 52 12,6605840.0000000000,4320793.0000000000,EL BRETE,EL BRETE,2154,14,028,CRUZ DEL EJE,060
-64.641705084978682,-30.782534901429628,30 45 53,64 39 44,6595892.0000000000,4340850.0000000000,SAN MARCOS SIERRA,SAN MARCOS SIERRAS,0189,14,028,CRUZ DEL EJE,170
-65.386814619108208,-30.638731979903731,30 38 21,65 22 53,6608573.0000000000,4271692.0000000000,SERREZUELA,SERREZUELA,0196,14,028,CRUZ DEL EJE,180
-64.997563254352229,-30.854729208629099,30 51 11,64 59 33,6585592.0000000000,4309398.0000000000,VILLA DE SOTO,VILLA DE SOTO,0203,14,028,CRUZ DEL EJE,200
-64.80625553124473,-30.722711365431483,30 43 19,64 48 28,6600432.0000000000,4326841.0000000000,CRUZ DEL EJE,CRUZ DEL EJE,0182,14,028,CRUZ DEL EJE,050
-64.263015043550922,-31.242431352751385,31 12 53,64 16 37,6546492.0000000000,4378327.0000000000,LAS CORZUELAS,UNQUILLO,0168,14,021,COLON,175
-64.263137105050404,-31.304790497036148,31 18 05,64 14 18,6536901.0000000000,4382114.0000000000,LA MORADA,VILLA ALLENDE,0175,14,021,COLON,165
-64.288947115252299,-31.198307101910345,31 12 53,64 16 37,6546492.0000000000,4378327.0000000000,BARRIO NUEVO RIO CEBALLOS,RIO CEBALLOS,0147,14,021,COLON,025
-64.018501758938612,-31.028702657244359,31 01 40,64 01 09,6567465.0000000000,4402702.0000000000,COLONIA VICENTE AG�ERO,COLONIA VICENTE AG�ERO,2098,14,021,COLON,070
-64.066122910820596,-31.237991517095502,31 14 09,64 04 02,6544358.0000000000,4398322.0000000000,COLONIA TIROLESA,COLONIA TIROLESA,0098,14,021,COLON,060
-64.275259817485875,-30.961350355593204,30 57 34,64 16 32,6574788.0000000000,4378136.0000000000,ASCOCHINGA,LA GRANJA,0126,14,021,COLON,020
-64.179588999173291,-31.307068692819783,31 18 36,64 10 50,6536005.0000000000,4387618.0000000000,PARQUE NORTE - CIUDAD DE LOS NI�OS - VILLA PASTORA - ALMIRANTE BROWN - GUI�AZU NORTE - 1 DE AGOSTO,ESTACION JUAREZ CELMAN,0105,14,021,COLON,310
-64.303820919255585,-31.264436506850057,31 15 48,64 18 14,6541047.0000000000,4375817.0000000000,MENDIOLAZA,MENDIOLAZA,0140,14,021,COLON,200
-64.066717497343816,-31.018194842242757,31 01 02,64 04 00,6568592.0000000000,4398139.0000000000,COLONIA CAROYA,COLONIA CAROYA,0091,14,021,COLON,050
-63.999634233597597,-31.351084957321333,31 21 00,63 59 59,6531742.0000000000,4404878.0000000000,MI GRANJA,MI GRANJA,2119,14,021,COLON,210
-64.164100345481359,-31.275224960941529,31 16 27,64 09 51,6539999.0000000000,4389138.0000000000,VILLA LOS LLANOS - JUAREZ CELMAN,ESTACION JUAREZ CELMAN,0105,14,021,COLON,320
-64.295565432338293,-31.059186608957805,31 03 30,64 17 44,6563815.0000000000,4376337.0000000000,AGUA DE ORO,AGUA DE ORO,0084,14,021,COLON,010
-64.270291223700625,-31.014049250283755,31 00 20,64 15 42,6569705.0000000000,4379506.0000000000,LA GRANJA,LA GRANJA,0126,14,021,COLON,160
-64.312255208982975,-31.093840930950325,31 05 11,64 18 52,6560668.0000000000,4374565.0000000000,CANTERAS EL SAUCE,EL MANZANO,2105,14,021,COLON,030
-64.298059385597355,-31.083953843852793,31 04 54,64 17 59,6561200.0000000000,4375962.0000000000,EL MANZANO,EL MANZANO,2105,14,021,COLON,110
-64.140991341471675,-31.135081953375153,31 08 03,64 08 28,6555562.0000000000,4391179.0000000000,GENERAL PAZ,ESTACION GENERAL PAZ,2112,14,021,COLON,130
-64.050308154815568,-31.368676396734944,31 22 04,64 03 01,6529747.0000000000,4400075.0000000000,MALVINAS ARGENTINAS,MALVINAS ARGENTINAS,0133,14,021,COLON,190
-64.095762570922389,-30.982155796272121,30 58 52,64 05 45,6572561.0000000000,4395326.0000000000,JESUS MARIA,JESUS MARIA,0112,14,021,COLON,140
-64.290647173675509,-31.139797297110221,31 08 20,64 17 26,6554882.0000000000,4376911.0000000000,SALSIPUEDES,SALSIPUEDES,0161,14,021,COLON,250
-64.294995872116232,-31.293176427023848,31 17 32,64 17 42,6537870.0000000000,4376695.0000000000,VILLA ALLENDE,VILLA ALLENDE,0175,14,021,COLON,290
-64.278149609598486,-31.214668097855586,31 12 53,64 16 37,6546492.0000000000,4378327.0000000000,PAJAS BLANCAS,RIO CEBALLOS,0147,14,021,COLON,220
-64.309663942148148,-31.175818272914615,31 10 29,64 18 35,6550867.0000000000,4375144.0000000000,RIO CEBALLOS,RIO CEBALLOS,0147,14,021,COLON,230
-64.317729685205151,-31.232943003017215,31 13 55,64 19 04,6544524.0000000000,4374451.0000000000,UNQUILLO,UNQUILLO,0168,14,021,COLON,280
-64.405891736651157,-31.34931737185315,31 20 34,64 23 57,6532127.0000000000,4366838.0000000000,CASA BAMBA,LA CALERA,0119,14,021,COLON,040
-64.336796729914013,-31.345129382644423,31 20 39,64 20 12,6532062.0000000000,4372785.0000000000,LA CALERA,LA CALERA,0119,14,021,COLON,150
-64.311336626039534,-31.312376420502826,31 18 51,64 18 46,6535404.0000000000,4375020.0000000000,SALDAN,SALDAN,0154,14,021,COLON,240
-64.055678419732146,-31.265808436925553,31 16 25,64 00 54,6540217.0000000000,4403334.0000000000,ESTACION COLONIA TIROLESA,COLONIA TIROLESA,0098,14,021,COLON,120
-64.238208173391058,-31.302479629479855,31 18 05,64 14 18,6536901.0000000000,4382114.0000000000,COUNTRY SAN ISIDRO - COUNTRY CHACRAS DE LA VILLA,VILLA ALLENDE,0175,14,021,COLON,090
-64.300692544356991,-31.007533143926729,30 59 21,64 22 40,6571392.0000000000,4368389.0000000000,CORRAL QUEMADO,LA GRANJA,0126,14,021,COLON,080
-64.074583608683028,-31.259596575140645,31 15 34,64 04 31,6541714.0000000000,4397581.0000000000,SANTA ELENA,COLONIA TIROLESA,0098,14,021,COLON,260
-64.319720856407855,-31.071175171000821,31 04 13,64 19 11,6562458.0000000000,4374047.0000000000,VILLA CERRO AZUL,VILLA CERRO AZUL,2126,14,021,COLON,300
-63.891362881034674,-31.124531343058788,31 07 26,63 53 33,6556914.0000000000,4414883.0000000000,TINOCO,TINOCO,2728,14,021,COLON,270
-64.237354915705737,-31.017659664827232,31 01 00,64 13 31,6568495.0000000000,4382986.0000000000,LOS MOLLES,LA GRANJA,0126,14,021,COLON,180
-64.04089460023684,-31.142378769827744,31 08 31,64 02 25,6554790.0000000000,4400799.0000000000,LA PUERTA,COLONIA TIROLESA,0098,14,021,COLON,170
-63.996381242966663,-31.443530944846163,31 22 04,64 03 01,6529747.0000000000,4400075.0000000000,VILLA CORAZON DE MARIA,MALVINAS ARGENTINAS,0133,14,021,COLON,075
-64.183323624402675,-31.414791531304484,31 24 50,64 10 60,6524504.0000000000,4387474.0000000000,CORDOBA,CORDOBA,0077,14,014,CAPITAL,010
-64.776114127787906,-32.167355102274513,,,6447258.0000000000,4334425.0000000000,EL DURAZNO,VILLA YACANTO,0070,14,007,CALAMUCHITA,055
-64.455902435580086,-32.175301746731691,32 10 11,64 27 24,6440367.0000000000,4362591.0000000000,VILLA DEL DIQUE,VILLA DEL DIQUE,0042,14,007,CALAMUCHITA,290
-64.479231990556755,-32.189535185107253,32 11 22,64 28 45,6438154.0000000000,4360507.0000000000,VILLA RUMIPAL,VILLA RUMIPAL,0063,14,007,CALAMUCHITA,340
-64.640210637358564,-32.366980696613105,32 22 05,64 38 33,6418119.0000000000,4345407.0000000000,CA�ADA DEL SAUCE,CA�ADA DEL SAUCE,2021,14,007,CALAMUCHITA,030
-64.59716832178546,-31.926117194524597,31 56 31,64 36 60,6465401.0000000000,4347143.0000000000,CAPILLA VIEJA,LOS REARTES,2049,14,007,CALAMUCHITA,040
-64.545398577824102,-31.908715572677419,31 54 43,64 31 41,6468867.0000000000,4355473.0000000000,VILLA CIUDAD PARQUE LOS REARTES,VILLA CIUDAD PARQUE LOS REARTES,2084,14,007,CALAMUCHITA,270
-64.573948511983829,-31.908948591815008,31 55 11,64 34 32,6467917.0000000000,4350988.0000000000,LOS REARTES,LOS REARTES,2049,14,007,CALAMUCHITA,130
-64.7534489693262,-32.104478582291932,32 06 14,64 45 15,6447258.0000000000,4334425.0000000000,VILLA YACANTO,VILLA YACANTO,0070,14,007,CALAMUCHITA,360
-64.558730508591879,-31.979475059552094,31 58 51,64 33 38,6461176.0000000000,4352494.0000000000,VILLA GENERAL BELGRANO,VILLA GENERAL BELGRANO,0049,14,007,CALAMUCHITA,310
-64.729775252229302,-31.913780644709625,31 54 19,64 44 34,6469296.0000000000,4335129.0000000000,VILLA BERNA,,,14,007,CALAMUCHITA,260
-64.747589827456579,-32.31886978177856,32 17 56,64 43 32,6425656.0000000000,4337478.0000000000,LUTTI,LUTTI,2056,14,007,CALAMUCHITA,140
-64.33130289658159,-32.096725462397885,32 05 43,64 19 52,6448758.0000000000,4374350.0000000000,LAS BAJADAS,LAS BAJADAS,2028,14,007,CALAMUCHITA,090
-64.502875358467804,-32.145129856544287,32 08 59,64 30 06,6442519.0000000000,4358334.0000000000,EL CORCOVADO - EL TORREON,VILLA RUMIPAL,0063,14,007,CALAMUCHITA,050
-64.515333031256361,-32.166010693676519,32 10 00,64 30 59,6440611.0000000000,4356964.0000000000,SAN IGNACIO (Loteo San Javier),SAN IGNACIO,2063,14,007,CALAMUCHITA,190
-64.378404769296225,-32.16604162151333,32 09 54,64 22 42,6440980.0000000000,4369977.0000000000,SEGUNDA USINA,SEGUNDA USINA,2070,14,007,CALAMUCHITA,220
-64.523108700359614,-32.389778361032782,32 23 22,64 31 07,6415923.0000000000,4357106.0000000000,LAS CALERAS,LAS CALERAS,2035,14,007,CALAMUCHITA,100
-64.523065094211162,-32.267088428919855,32 16 00,64 31 14,6429520.0000000000,4356734.0000000000,VILLA LA RIVERA,VILLA QUILLINZO,2091,14,007,CALAMUCHITA,320
-64.51471319040661,-32.234555401158119,32 14 18,64 32 07,6432658.0000000000,4355295.0000000000,VILLA QUILLINZO,VILLA QUILLINZO,2091,14,007,CALAMUCHITA,330
-64.581903182956879,-32.252145500252674,32 15 15,64 35 06,6430815.0000000000,4350634.0000000000,VILLA EL TALA,,,14,007,CALAMUCHITA,300
-64.607354122672916,-32.256979712479882,32 15 43,64 35 37,6429940.0000000000,4349826.0000000000,ARROYO SAN ANTONIO,,,14,007,CALAMUCHITA,020
-64.568552226176607,-32.187474885403638,32 11 11,64 34 14,6438363.0000000000,4351896.0000000000,VILLA AMANCAY,VILLA AMANCAY,2077,14,007,CALAMUCHITA,250
-64.57531752892956,-32.176414477370152,32 10 33,64 34 36,6439516.0000000000,4351304.0000000000,AMBOY,AMBOY,2007,14,007,CALAMUCHITA,010
-64.464148847165347,-32.024741128441171,32 01 25,64 27 51,6456543.0000000000,4361676.0000000000,PARQUE CALMAYO,CALMAYO,2014,14,007,CALAMUCHITA,160
-64.37424250124441,-31.860702624710211,31 51 25,64 22 41,6475162.0000000000,4369586.0000000000,LOS MOLINOS,LOS MOLINOS,2042,14,007,CALAMUCHITA,120
-64.540607870494256,-31.87111403013936,31 49 34,64 31 11,6478377.0000000000,4356114.0000000000,SOLAR DE LOS MOLINOS,VILLA CIUDAD PARQUE LOS REARTES,2084,14,007,CALAMUCHITA,230
-64.812860568008844,-31.956690782795636,31 57 12,64 48 48,6463860.0000000000,4328561.0000000000,VILLA ALPINA,,,14,007,CALAMUCHITA,240
-64.775405357846893,-31.896833829136323,31 53 49,64 46 52,6470147.0000000000,4331507.0000000000,LA CUMBRECITA,LA CUMBRECITA,3015,14,007,CALAMUCHITA,080
-64.373727959745878,-31.976678626253069,31 58 35,64 22 24,6461916.0000000000,4370193.0000000000,SAN AGUSTIN,SAN AGUSTIN,0056,14,007,CALAMUCHITA,180
-64.587706717712621,-32.528420191735748,32 31 36,64 35 13,6400612.0000000000,4350899.0000000000,RIO DE LOS SAUCES,RIO DE LOS SAUCES,0028,14,007,CALAMUCHITA,170
-64.483632502610334,-32.303218920127939,32 18 12,64 28 59,6425503.0000000000,4360313.0000000000,LA CRUZ,LA CRUZ,0014,14,007,CALAMUCHITA,070
-64.278591183825114,-32.320368214964262,32 19 16,64 16 52,6423783.0000000000,4379373.0000000000,LOS CONDORES,LOS CONDORES,0021,14,007,CALAMUCHITA,110
-64.400606570549442,-32.207509308649044,32 12 23,64 24 02,6436354.0000000000,4367943.0000000000,EMBALSE,EMBALSE,0007,14,007,CALAMUCHITA,060
-64.53761955257292,-32.071055904878989,32 04 12,64 32 15,6451310.0000000000,4354807.0000000000,SANTA ROSA DE CALAMUCHITA,SANTA ROSA DE CALAMUCHITA,0035,14,007,CALAMUCHITA,210
